-- phpMyAdmin SQL Dump
-- version 5.2.1
-- https://www.phpmyadmin.net/
--
-- Host: 127.0.0.1
-- Generation Time: Apr 10, 2025 at 01:33 PM
-- Server version: 10.4.28-MariaDB
-- PHP Version: 8.0.28

SET SQL_MODE = "NO_AUTO_VALUE_ON_ZERO";
START TRANSACTION;
SET time_zone = "+00:00";


/*!40101 SET @OLD_CHARACTER_SET_CLIENT=@@CHARACTER_SET_CLIENT */;
/*!40101 SET @OLD_CHARACTER_SET_RESULTS=@@CHARACTER_SET_RESULTS */;
/*!40101 SET @OLD_COLLATION_CONNECTION=@@COLLATION_CONNECTION */;
/*!40101 SET NAMES utf8mb4 */;

--
-- Database: `tutorconnect`
--

-- --------------------------------------------------------

--
-- Table structure for table `accounts`
--

CREATE TABLE `accounts` (
  `account_id` int(10) UNSIGNED ZEROFILL NOT NULL COMMENT 'รหัสผู้ใช้งาน',
  `portrait_path` varchar(255) DEFAULT NULL COMMENT 'ที่อยู่รูปภาพ',
  `username` varchar(20) NOT NULL COMMENT 'ชื่อผู้ใช้งาน',
  `password` varchar(255) NOT NULL COMMENT 'รหัสผ่าน',
  `permission` enum('นักเรียน','ติวเตอร์','ผู้ดูแลระบบ') NOT NULL DEFAULT 'นักเรียน' COMMENT 'สิทธิ์ผู้ใช้งาน',
  `firstname` varchar(100) NOT NULL COMMENT 'ชื่อ',
  `lastname` varchar(100) NOT NULL COMMENT 'นามสกุล',
  `gender` enum('ไม่ระบุ','ชาย','หญิง') NOT NULL DEFAULT 'ไม่ระบุ' COMMENT 'เพศ',
  `email` varchar(100) NOT NULL COMMENT 'อีเมล',
  `phone` varchar(10) NOT NULL COMMENT 'หมายเลขโทรศัพท์',
  `report_count` int(10) NOT NULL DEFAULT 0 COMMENT 'จำนวนการโดนรายงาน',
  `timestamp` timestamp NOT NULL DEFAULT current_timestamp() COMMENT 'เวลาที่สร้างบัญชี'
) ENGINE=InnoDB DEFAULT CHARSET=utf8mb4 COLLATE=utf8mb4_general_ci;

--
-- Dumping data for table `accounts`
--

INSERT INTO `accounts` (`account_id`, `portrait_path`, `username`, `password`, `permission`, `firstname`, `lastname`, `gender`, `email`, `phone`, `report_count`, `timestamp`) VALUES
(0000000032, '/static/portraits/portrait-1742226694204.jpg', 'Admin001', '$2b$05$fu/3XXYlZXRKpNIVQVTqDOdB9zeZWAv6OXLa.ogBzxltnPqytBxKK', 'ผู้ดูแลระบบ', 'วชิรพล', 'กลิ่นเกษร', 'ชาย', '64070096@it.kmitl.ac.th', '0964070096', 0, '2025-03-15 01:22:39'),
(0000000033, '/static/portraits/portrait-1742226911503.jpg', 'Admin002', '$2b$05$ZN2JwK5pytt3Eu9iIYl4KemKo.un3prc8NykowRaSSfx/SXICRqdW', 'ผู้ดูแลระบบ', 'วชิรพล', 'กลิ่นเกษร', 'ชาย', '64070096@it.kmitl.ac.th', '0964070096', 0, '2025-03-15 01:24:01'),
(0000000034, '/static/portraits/portrait-1742226933141.jpg', 'Admin003', '$2b$05$3qHrLgKXxoJ1mZRGBGAqoectqRjgWMJhRQGAYPfTZ5ncbfm8Hgxzu', 'ผู้ดูแลระบบ', 'วชิรพล', 'กลิ่นเกษร', 'ชาย', '64070096@it.kmitl.ac.th', '0964070096', 0, '2025-03-15 01:24:28'),
(0000000035, '/static/portraits/portrait-1742002492261.jpg', 'Tutor001', '$2b$05$gn8Cl2VTI.vc5UcMJDnFL.fRaNdpU.aj0m7C6CjLqiy2xDgAM0CaS', 'ติวเตอร์', 'กิตติพงศ์', 'วัฒนสกุล', 'ชาย', 'kittipong.w@email.com', '0894567890', 1, '2025-03-15 01:34:52'),
(0000000036, '/static/portraits/portrait-1742003477500.jpg', 'Tutor002', '$2b$05$a/KhvCETDbZGImJWT5MQE./9vfCS2msKUs1O9YP8NuFZOSHfdbFia', 'ติวเตอร์', 'พิชญาภา', 'ธีรานนท์', 'หญิง', 'phitchayapa.t@email.com', '0812345678', 0, '2025-03-15 01:51:17'),
(0000000037, '/static/portraits/portrait-1742003735229.jpg', 'Tutor003', '$2b$05$Uj0jc.A3Gyh/axIwlAJgF.gIRr9Ukzi19tbO5xXIX7iQ5R/xDld6e', 'ติวเตอร์', 'นราวิชญ์', 'ภูริภัทร', 'ชาย', 'narawit.p@email.com', '0936789012', 0, '2025-03-15 01:55:35'),
(0000000038, '/static/portraits/portrait-1742004310316.jpg', 'Tutor004', '$2b$05$QG3M4k6doLiJKDQRq3S/iOrEe6IpuCEWyP9xHPUO416zsXb.RWALa', 'ติวเตอร์', 'พิธาน', 'จิระศักดิ์', 'ชาย', 'pithan.j@email.com', '0917894592', 8, '2025-03-15 02:05:10'),
(0000000039, '/static/portraits/portrait-1742004667211.jpg', 'Tutor005', '$2b$05$I0QgL9FHxDnlkVEWZUGjIOTQAgujgzRkLkPnvMj4ZZTy4d1tuelem', 'ติวเตอร์', 'นภัสสร', 'พิทักษ์ธรรม', 'หญิง', 'napassorn.p@email.com', '0851236789', 0, '2025-03-15 02:11:07'),
(0000000040, '/static/portraits/portrait-1742005198253.jpg', 'Tutor006', '$2b$05$9aOUmWjtFbxGW9cfCEATVuoePbh05HzjZQqsWNBWswXpZ6dOnRka.', 'ติวเตอร์', 'รัชพล', 'สังข์สุวรรณ', 'ชาย', 'ratchapol.s@email.com', '0965678901', 0, '2025-03-15 02:19:58'),
(0000000041, '/static/portraits/portrait-1742005832228.jpg', 'Tutor007', '$2b$05$92FCqIl5kKZ4tIIydxy0GO2E4GZL.m0b84.bpmK.WCzELcmUnMB0W', 'ติวเตอร์', 'วีรภัทร', 'นวลจันทร์', 'ชาย', 'weeraphat.n@email.com', '0878904455', 0, '2025-03-15 02:30:32'),
(0000000042, '/static/portraits/portrait-1743995606251.png', 'Student001', '$2b$05$HRyJccj2LrvIXaz1lelZ9e1k8PNFE.NhtiBhXpw/L9CVo6scwhLNi', 'นักเรียน', 'วชิรพล', 'กลิ่นเกษร', 'ชาย', '64070096@it.kmitl.ac.th', '0964070096', 1, '2025-03-15 02:36:42'),
(0000000043, NULL, 'Student002', '$2b$05$gibBEX9yggqBD1CqFrxjSOzS5c06QTVF.ZyWG1UYgVXRHhHo/3Q0.', 'นักเรียน', 'ณัฐชยา', 'วงศ์กาญจนา', 'หญิง', 'natchaya.w@email.com', '0913456781', 0, '2025-03-15 02:39:56'),
(0000000044, NULL, 'Student003', '$2b$05$xoqIfSoKoZ.qV4CZDX9TSeaRpJmIQNHaZ.1AGGFAMjsBH5/hlfHnO', 'นักเรียน', 'อลิสา', 'สุขเกษม', 'หญิง', 'alisa.s@email.com', '0825672345', 0, '2025-03-15 02:40:39'),
(0000000045, NULL, 'Student004', '$2b$05$G/d8ByJj4pQ2Nr8XlWUH/eMzrzf.oKaIOqO2IFMyfMgJdyqYByska', 'นักเรียน', 'สุทธิดา', 'พิพัฒน์วรภัทร', 'หญิง', 'suthida.p@email.com', '0867890123', 0, '2025-03-15 02:41:19'),
(0000000046, NULL, 'Student005', '$2b$05$qJ3QRluTh1.hHibJ7bvW6eV9UkorONs9pX8hm.OjFowrBuZqQR.8W', 'นักเรียน', 'ชยพล', 'นฤชัย', 'ชาย', 'chayaphon.n@email.com', '0952345686', 0, '2025-03-15 02:41:56'),
(0000000047, NULL, 'Student006', '$2b$05$NpGnSqtnPO/OmCOEnejz8Og8hAypg0fL8PXVljEYqcE/3n9FYDhky', 'นักเรียน', 'อติชาติ', 'พงษ์สวัสดิ์', 'ชาย', 'atichat.p@email.com', '0952346754', 0, '2025-03-15 02:44:13'),
(0000000048, NULL, 'Student007', '$2b$05$3w7G9efe9m3/De/HN806wOtuL7mF4Yir6NWtc0EmyXXgh7VF.6IvW', 'นักเรียน', 'วชิรพล', 'กลิ่นเกษร', 'ชาย', '64070096@it.kmitl.ac.th', '0964070096', 0, '2025-03-17 19:36:13'),
(0000000053, NULL, 'Student008', '$2b$05$2Zuuj8tujNBHPiLlgy2eT.zGB9lX45YjCnLbXotf/Rzx11HhxUbP6', 'นักเรียน', 'วชิรพล', 'กลิ่นเกษร', 'ชาย', '64070096@it.kmitl.ac.th', '0964070096', 0, '2025-03-17 20:47:03'),
(0000000054, '/static/portraits/portrait-1742245444001.png', 'Student009', '$2b$05$MvTq80x1HObFa2NIsT6N0umzeWmErSBhFXBU08a63mcDepI0U0iuO', 'นักเรียน', 'วชิรพล', 'กลิ่นเกษร', 'ชาย', '64070096@it.kmitl.ac.th', '0964070096', 0, '2025-03-17 20:50:51'),
(0000000055, '/static/portraits/portrait-1742245685696.png', 'Student010', '$2b$05$sCCousZViqp7QV/vM4Xmh.pnAcNbza46cxD.jBNUskSnObIN4zF6e', 'นักเรียน', 'วชิรพล', 'กลิ่นเกษร', 'ชาย', '64070096@it.kmitl.ac.th', '0964070096', 0, '2025-03-17 21:07:36'),
(0000000056, '/static/portraits/portrait-1742246336011.jpg', 'Tutor008', '$2b$05$SzTDjF9PbpOz6NgYJxr.3e67Ri72DebxgiU0PqbzvYG7NQXm4WF.O', 'ติวเตอร์', 'วชิรพล', 'กลิ่นเกษร', 'ชาย', 'wachirapol2545@gmail.com', '0909209945', 0, '2025-03-17 21:18:56'),
(0000000067, NULL, 'Student100', '$2b$05$6ukYhguW7CM.O6g75tdpeO3TOmHss3kkBrLz/1rel4VkwezwIoZzK', 'นักเรียน', 'วชิรพล', 'กลิ่นเกษร', 'ชาย', '64070096@it.kmitl.ac.th', '0964070096', 0, '2025-04-09 07:11:31'),
(0000000068, '/static/portraits/portrait-1744191495996.jpg', 'Tutor111', '$2b$05$F3SeLzBTaFLDVLCtzxMdgOds3j0bsppsHVN78Y0P93uSeYfuAbpAu', 'ติวเตอร์', 'วชิรพล', 'กลิ่นเกษร', 'ชาย', '64070096@it.kmitl.ac.th', '0964070096', 0, '2025-04-09 09:38:16');

-- --------------------------------------------------------

--
-- Table structure for table `announces`
--

CREATE TABLE `announces` (
  `announce_id` int(10) UNSIGNED ZEROFILL NOT NULL COMMENT 'รหัสประกาศ',
  `account_id` int(10) UNSIGNED ZEROFILL NOT NULL COMMENT 'รหัสผู้ใช้งาน',
  `subject_to_learn` varchar(100) NOT NULL COMMENT 'วิชาที่ต้องการเรียน',
  `place_to_learn` varchar(100) NOT NULL COMMENT 'สถานที่ที่ต้องการเรียน',
  `student_age` varchar(100) NOT NULL COMMENT 'ช่วงวัยนักเรียน',
  `student_degree` varchar(100) NOT NULL COMMENT 'ระดับของผู้เรียน',
  `convenient_day` varchar(100) NOT NULL COMMENT 'วันที่สะดวกเรียน',
  `convenient_time` varchar(100) NOT NULL COMMENT 'ช่วงเวลาที่สะดวกเรียน',
  `learning_style` varchar(100) NOT NULL COMMENT 'รูปแบบการเรียนที่ต้องการ',
  `starting_time` varchar(100) NOT NULL COMMENT 'เวลาที่เริ่มเรียนได้',
  `objective` varchar(100) NOT NULL COMMENT 'วัตถุประสงค์ในการเรียน',
  `timestamp` timestamp NOT NULL DEFAULT current_timestamp() COMMENT 'วันที่ของการประกาศ'
) ENGINE=InnoDB DEFAULT CHARSET=utf8mb4 COLLATE=utf8mb4_general_ci;

--
-- Dumping data for table `announces`
--

INSERT INTO `announces` (`announce_id`, `account_id`, `subject_to_learn`, `place_to_learn`, `student_age`, `student_degree`, `convenient_day`, `convenient_time`, `learning_style`, `starting_time`, `objective`, `timestamp`) VALUES
(0000000032, 0000000042, 'ภาษาจีน', 'กรุงเทพฯ', '22 ปี', '-', 'จันทร์,อังคาร,พุธ,พฤหัสบดี,ศุกร์', 'บ่าย (13:00-17:00)', 'ตัวต่อตัว', '2025-03-15', 'สื่อสารได้คร่าวๆ', '2025-03-15 03:01:06'),
(0000000033, 0000000042, 'การเงินและการลงทุน', 'เรียนออนไลน์', '22 ปี', 'ปริญญาตรีขึ้นไป', 'เสาร์,อาทิตย์', 'เย็น (18:00-20:00)', 'เรียนเป็นกลุ่ม', '2025-03-17', 'รู้วิธีลงทุน', '2025-03-15 03:02:18'),
(0000000034, 0000000055, 'ภาษาเกาหลี', 'เรียนออนไลน์', '19-25 ปี', 'ปริญญาตรีขึ้นไป', 'เสาร์,อาทิตย์', 'เย็น (18:00-20:00)', 'ตัวต่อตัว', '2025-03-18', 'เข้าใจเบื้องต้น', '2025-03-17 21:16:10'),
(0000000036, 0000000042, 'ภาษาญี่ปุ่น', 'เรียนออนไลน์', '19-25 ปี', '-', 'จันทร์,อังคาร,พุธ,พฤหัสบดี', 'เช้า (08:00-12:00)', 'ตัวต่อตัว', '2025-04-08', 'พูดได้', '2025-04-07 02:20:06');

-- --------------------------------------------------------

--
-- Table structure for table `comments`
--

CREATE TABLE `comments` (
  `comment_id` int(10) UNSIGNED ZEROFILL NOT NULL COMMENT 'รหัสความคิดเห็น',
  `account_id` int(10) UNSIGNED ZEROFILL NOT NULL COMMENT 'รหัสผู้เรียน',
  `tutor_id` int(10) UNSIGNED ZEROFILL NOT NULL COMMENT 'รหัสผู้สอน',
  `message` text NOT NULL COMMENT 'ข้อความแสดงความคิดเห็น',
  `timestamp` timestamp NOT NULL DEFAULT current_timestamp() ON UPDATE current_timestamp() COMMENT 'วันที่แสดงความคิดเห็น'
) ENGINE=InnoDB DEFAULT CHARSET=utf8mb4 COLLATE=utf8mb4_general_ci;

--
-- Dumping data for table `comments`
--

INSERT INTO `comments` (`comment_id`, `account_id`, `tutor_id`, `message`, `timestamp`) VALUES
(0000000023, 0000000042, 0000000026, 'สอนดีการันตีครับ', '2025-03-17 16:00:04'),
(0000000026, 0000000055, 0000000026, 'สอนดีมากครับ', '2025-03-17 21:15:09');

-- --------------------------------------------------------

--
-- Table structure for table `graduates`
--

CREATE TABLE `graduates` (
  `graduate_id` int(10) UNSIGNED ZEROFILL NOT NULL COMMENT 'รหัสข้อมูลการศึกษา',
  `tutor_id` int(10) UNSIGNED ZEROFILL NOT NULL COMMENT 'รหัสผู้สอน',
  `status` enum('กำลังศึกษา','จบการศึกษา') DEFAULT NULL COMMENT 'สถานะการศึกษา',
  `degree` enum('ปริญญาตรี','ปริญญาโท','ปริญญาเอก') DEFAULT NULL COMMENT 'ระดับการศึกษา',
  `school_name` varchar(100) NOT NULL COMMENT 'ชื่อสถานศึกษา',
  `honor` varchar(100) DEFAULT NULL COMMENT 'เกียรตินิยม',
  `grade` varchar(100) DEFAULT NULL COMMENT 'เกรดเฉลี่ย',
  `timestamp` timestamp NOT NULL DEFAULT current_timestamp() COMMENT 'เวลาที่สร้าง'
) ENGINE=InnoDB DEFAULT CHARSET=utf8mb4 COLLATE=utf8mb4_general_ci;

--
-- Dumping data for table `graduates`
--

INSERT INTO `graduates` (`graduate_id`, `tutor_id`, `status`, `degree`, `school_name`, `honor`, `grade`, `timestamp`) VALUES
(0000000041, 0000000023, '', '', 'คณะวิศวกรรมศาสตร์ มหาวิทยาลัยเกษตรศาสตร์', '(เกียรตินิยมอันดับ 1)', '', '2025-03-15 01:42:10'),
(0000000042, 0000000023, '', '', 'คะแนน PAT1: 270/300', '', '', '2025-03-15 01:42:17'),
(0000000043, 0000000024, 'จบการศึกษา', '', 'คณะอักษรศาสตร์ จุฬาลงกรณ์มหาวิทยาลัย', 'เกียรตินิยมอันดับ 2', '', '2025-03-15 01:52:36'),
(0000000044, 0000000024, '', '', 'TESOL Certificate (Teaching English to Speakers of Other Languages)', '', '', '2025-03-15 01:53:04'),
(0000000045, 0000000025, '', '', 'วิทยาลัยดุริยางคศิลป์ มหาวิทยาลัยมหิดล', '', '', '2025-03-15 01:56:53'),
(0000000046, 0000000025, '', '', 'อดีตนักดนตรีแบ็กอัพวงดนตรีชื่อดัง', '', '', '2025-03-15 01:57:00'),
(0000000047, 0000000026, '', 'ปริญญาตรี', 'คณะพัฒนาวิชาชีพ มหาวิทยาลัยธรรมศาสตร์ การพัฒนาทักษะการทำงาน', 'เกียรตินิยมอันดับ 1', '', '2025-03-15 02:06:38'),
(0000000048, 0000000026, '', 'ปริญญาโท', 'คณะวิศวกรรมศาสตร์ มหาวิทยาลัยเชียงใหม่', '', 'เกรดเฉลี่ย 3.9', '2025-03-15 02:06:59'),
(0000000049, 0000000027, '', 'ปริญญาตรี', 'คณะวิทยาการคอมพิวเตอร์ มหาวิทยาลัยเทคโนโลยีพระจอมเกล้าธนบุรี', 'เกียรตินิยมอันดับ 2', '', '2025-03-15 02:12:29'),
(0000000051, 0000000028, '', 'ปริญญาตรี', 'คณะดุริยางค์ศาสตร์ มหาวิทยาลัยศิลปากร', 'เกียรตินิยมอันดับ 2', '', '2025-03-15 02:21:59'),
(0000000052, 0000000028, '', 'ปริญญาโท', 'คณะศึกษาศาสตร์ มหาวิทยาลัยเกษตรศาสตร์', '', 'เกรดเฉลี่ย 3.85', '2025-03-15 02:22:13'),
(0000000053, 0000000029, 'จบการศึกษา', 'ปริญญาตรี', 'คณะวิศวกรรมศาสตร์ มหาวิทยาลัยเทคโนโลยีพระจอมเกล้าธนบุรี', 'เกียรตินิยมอันดับ 2', 'เกรดเฉลี่ย 3.75', '2025-03-15 02:32:36'),
(0000000054, 0000000029, '', 'ปริญญาโท', 'คณะศึกษาศาสตร์ มหาวิทยาลัยเกษตรศาสตร์', '', 'เกรดเฉลี่ย 3.90', '2025-03-15 02:32:55'),
(0000000056, 0000000031, '', 'ปริญญาตรี', 'คณะเทคโนโลยีสารสนเทศ', '', '3.99', '2025-03-17 21:20:31');

-- --------------------------------------------------------

--
-- Table structure for table `locations`
--

CREATE TABLE `locations` (
  `location_id` int(10) UNSIGNED ZEROFILL NOT NULL COMMENT 'รหัสสถานที่',
  `tutor_id` int(10) UNSIGNED ZEROFILL NOT NULL COMMENT 'รหัสติวเตอร์',
  `place_name` varchar(100) NOT NULL COMMENT 'ชื่อสถานที่',
  `address` text DEFAULT NULL COMMENT 'ที่อยู่',
  `coordinates` varchar(100) NOT NULL COMMENT 'พิกัดสถานที่',
  `timestamp` timestamp NOT NULL DEFAULT current_timestamp() COMMENT 'เวลาที่สร้าง'
) ENGINE=InnoDB DEFAULT CHARSET=utf8mb4 COLLATE=utf8mb4_general_ci;

--
-- Dumping data for table `locations`
--

INSERT INTO `locations` (`location_id`, `tutor_id`, `place_name`, `address`, `coordinates`, `timestamp`) VALUES
(0000000015, 0000000024, 'สยามพารากอน', '991/1 ถ. พระรามที่ 1 แขวงปทุมวัน เขตปทุมวัน กรุงเทพมหานคร 10330 ประเทศไทย', 'Latitude: 13.74577, Longitude: 100.53440', '2025-03-15 01:53:28'),
(0000000016, 0000000025, 'เซ็นทรัลเวิลด์', '999/9 ถ. พระรามที่ 1 แขวงปทุมวัน เขตปทุมวัน กรุงเทพมหานคร 10330 ประเทศไทย', 'Latitude: 13.74653, Longitude: 100.53915', '2025-03-15 01:57:38'),
(0000000017, 0000000026, 'จุฬาลงกรณ์มหาวิทยาลัย', '254 ถ. พญาไท แขวงวังใหม่ เขตปทุมวัน กรุงเทพมหานคร 10330 ประเทศไทย', 'Latitude: 13.73886, Longitude: 100.52841', '2025-03-15 02:07:15'),
(0000000018, 0000000027, 'มหาวิทยาลัยเทคโนโลยีพระจอมเกล้าธนบุรี', '126 ถ. ประชาอุทิศ แขวงบางมด เขตทุ่งครุ กรุงเทพมหานคร 10140 ประเทศไทย', 'Latitude: 13.65125, Longitude: 100.49644', '2025-03-15 02:14:56'),
(0000000019, 0000000028, 'สนามกีฬาแห่งชาติ ประตูหลัก', 'PGWG+P95 แขวงวังใหม่ เขตปทุมวัน กรุงเทพมหานคร 10330 ประเทศไทย', 'Latitude: 13.74676, Longitude: 100.52599', '2025-03-15 02:22:30'),
(0000000020, 0000000029, 'มหาวิทยาลัยเกษตรศาสตร์ วิทยาเขตบางเขน', '50 ถนน งามวงศ์วาน แขวงลาดยาว เขตจตุจักร กรุงเทพมหานคร 10900 ประเทศไทย', 'Latitude: 13.84798, Longitude: 100.57228', '2025-03-15 02:33:12'),
(0000000022, 0000000031, 'Lat Krabang', 'Lat Krabang, Bangkok, Thailand', 'Latitude: 13.72220, Longitude: 100.75207', '2025-03-17 21:20:55'),
(0000000023, 0000000031, 'พระจอมเกล้าพระนครเหนือ', '1518 Pibul Songgram Rd, Khwaeng Wong Sawang, Khet Bang Sue, Krung Thep Maha Nakhon 10800, Thailand', 'Latitude: 13.82070, Longitude: 100.51652', '2025-03-17 21:21:13');

-- --------------------------------------------------------

--
-- Table structure for table `messages`
--

CREATE TABLE `messages` (
  `message_id` int(100) UNSIGNED ZEROFILL NOT NULL COMMENT 'รหัสข้อความ',
  `sender_id` int(10) UNSIGNED ZEROFILL NOT NULL COMMENT 'รหัสผู้ใช้งาน (ผู้ส่ง)',
  `receiver_id` int(10) UNSIGNED ZEROFILL NOT NULL COMMENT 'รหัสผู้ใช้งาน (ผู้รับ)',
  `message_text` text NOT NULL COMMENT 'เนื้อหาข้อความ',
  `attachment_path` varchar(255) NOT NULL COMMENT 'ที่อยู่รูปภาพ',
  `is_read` tinyint(1) NOT NULL DEFAULT 0 COMMENT 'เช็คการอ่าน',
  `timestamp` timestamp NOT NULL DEFAULT current_timestamp() COMMENT 'เวลาที่ส่ง'
) ENGINE=InnoDB DEFAULT CHARSET=utf8mb4 COLLATE=utf8mb4_general_ci;

--
-- Dumping data for table `messages`
--

INSERT INTO `messages` (`message_id`, `sender_id`, `receiver_id`, `message_text`, `attachment_path`, `is_read`, `timestamp`) VALUES
(0000000000000000000000000000000000000000000000000000000000000000000000000000000000000000000000000406, 0000000042, 0000000035, 'สวัสดีครับ', '', 1, '2025-03-15 02:45:48'),
(0000000000000000000000000000000000000000000000000000000000000000000000000000000000000000000000000407, 0000000042, 0000000035, 'อยากสมัครเรียนต้องทำยังไงบ้างครับ', '', 1, '2025-03-15 02:46:05'),
(0000000000000000000000000000000000000000000000000000000000000000000000000000000000000000000000000408, 0000000043, 0000000038, 'สวัสดีครับ', '', 1, '2025-03-15 02:46:55'),
(0000000000000000000000000000000000000000000000000000000000000000000000000000000000000000000000000409, 0000000044, 0000000038, '....', '', 1, '2025-03-15 02:47:21'),
(0000000000000000000000000000000000000000000000000000000000000000000000000000000000000000000000000410, 0000000045, 0000000038, 'สอนเคมีไหมครับ', '', 1, '2025-03-15 02:48:00'),
(0000000000000000000000000000000000000000000000000000000000000000000000000000000000000000000000000411, 0000000046, 0000000038, '.', '', 1, '2025-03-15 02:48:30'),
(0000000000000000000000000000000000000000000000000000000000000000000000000000000000000000000000000412, 0000000046, 0000000038, '.', '', 1, '2025-03-15 02:48:30'),
(0000000000000000000000000000000000000000000000000000000000000000000000000000000000000000000000000413, 0000000046, 0000000038, '.', '', 1, '2025-03-15 02:48:31'),
(0000000000000000000000000000000000000000000000000000000000000000000000000000000000000000000000000414, 0000000046, 0000000038, '.', '', 1, '2025-03-15 02:48:31'),
(0000000000000000000000000000000000000000000000000000000000000000000000000000000000000000000000000415, 0000000046, 0000000038, '.', '', 1, '2025-03-15 02:48:31'),
(0000000000000000000000000000000000000000000000000000000000000000000000000000000000000000000000000416, 0000000046, 0000000038, '...', '', 1, '2025-03-15 02:48:32'),
(0000000000000000000000000000000000000000000000000000000000000000000000000000000000000000000000000417, 0000000046, 0000000038, '.', '', 1, '2025-03-15 02:48:32'),
(0000000000000000000000000000000000000000000000000000000000000000000000000000000000000000000000000418, 0000000046, 0000000038, '.', '', 1, '2025-03-15 02:48:39'),
(0000000000000000000000000000000000000000000000000000000000000000000000000000000000000000000000000419, 0000000042, 0000000038, 'สวัสดีครับ', '', 1, '2025-03-15 02:52:44'),
(0000000000000000000000000000000000000000000000000000000000000000000000000000000000000000000000000420, 0000000042, 0000000038, 'อยากเรียนด้วย', '', 1, '2025-03-15 02:52:48'),
(0000000000000000000000000000000000000000000000000000000000000000000000000000000000000000000000000421, 0000000042, 0000000038, 'ต้องสมัครยังไงครับ', '', 1, '2025-03-15 02:52:52'),
(0000000000000000000000000000000000000000000000000000000000000000000000000000000000000000000000000422, 0000000048, 0000000038, 'สวัสดีครับ', '', 1, '2025-03-17 20:06:17'),
(0000000000000000000000000000000000000000000000000000000000000000000000000000000000000000000000000423, 0000000048, 0000000038, 'พี่สอนเคมีไหมครับ', '', 1, '2025-03-17 20:06:34'),
(0000000000000000000000000000000000000000000000000000000000000000000000000000000000000000000000000424, 0000000054, 0000000038, 'สวัสดีครับ', '', 1, '2025-03-17 20:53:35'),
(0000000000000000000000000000000000000000000000000000000000000000000000000000000000000000000000000425, 0000000054, 0000000038, 'ผมอยากเรียนด้วยต้องทำอย่างไรบ้างครับ', '', 1, '2025-03-17 20:53:46'),
(0000000000000000000000000000000000000000000000000000000000000000000000000000000000000000000000000426, 0000000038, 0000000054, 'สวัสดีครับ', '', 0, '2025-03-17 20:56:15'),
(0000000000000000000000000000000000000000000000000000000000000000000000000000000000000000000000000427, 0000000055, 0000000038, 'สวัสดีครับ', '', 1, '2025-03-17 21:11:00'),
(0000000000000000000000000000000000000000000000000000000000000000000000000000000000000000000000000428, 0000000055, 0000000038, 'พี่สอนเคมีไหมครับ', '', 1, '2025-03-17 21:11:05'),
(0000000000000000000000000000000000000000000000000000000000000000000000000000000000000000000000000429, 0000000038, 0000000055, 'สวัสดีครับ', '', 1, '2025-03-17 21:14:02'),
(0000000000000000000000000000000000000000000000000000000000000000000000000000000000000000000000000430, 0000000042, 0000000038, 'awdfawefqa', '', 1, '2025-03-20 13:03:22'),
(0000000000000000000000000000000000000000000000000000000000000000000000000000000000000000000000000431, 0000000042, 0000000038, 'wad', '', 1, '2025-03-20 13:03:22'),
(0000000000000000000000000000000000000000000000000000000000000000000000000000000000000000000000000432, 0000000038, 0000000042, '.', '', 1, '2025-03-20 13:04:32'),
(0000000000000000000000000000000000000000000000000000000000000000000000000000000000000000000000000433, 0000000038, 0000000042, '.', '', 1, '2025-03-20 13:04:33'),
(0000000000000000000000000000000000000000000000000000000000000000000000000000000000000000000000000434, 0000000038, 0000000042, 'wd', '', 1, '2025-03-20 13:04:34'),
(0000000000000000000000000000000000000000000000000000000000000000000000000000000000000000000000000435, 0000000038, 0000000042, 'gr', '', 1, '2025-03-20 13:04:34'),
(0000000000000000000000000000000000000000000000000000000000000000000000000000000000000000000000000436, 0000000042, 0000000038, 'awda', '', 1, '2025-03-20 13:04:39'),
(0000000000000000000000000000000000000000000000000000000000000000000000000000000000000000000000000437, 0000000038, 0000000042, 'wd', '', 1, '2025-03-20 13:04:43'),
(0000000000000000000000000000000000000000000000000000000000000000000000000000000000000000000000000438, 0000000038, 0000000042, 'a', '', 1, '2025-03-20 13:04:43'),
(0000000000000000000000000000000000000000000000000000000000000000000000000000000000000000000000000439, 0000000038, 0000000042, 'wd', '', 1, '2025-03-20 13:04:57'),
(0000000000000000000000000000000000000000000000000000000000000000000000000000000000000000000000000440, 0000000038, 0000000055, '.', '', 1, '2025-03-20 13:24:11'),
(0000000000000000000000000000000000000000000000000000000000000000000000000000000000000000000000000441, 0000000038, 0000000055, '.', '', 1, '2025-03-20 13:24:23'),
(0000000000000000000000000000000000000000000000000000000000000000000000000000000000000000000000000442, 0000000038, 0000000055, 'awdaw', '', 1, '2025-03-20 13:24:28'),
(0000000000000000000000000000000000000000000000000000000000000000000000000000000000000000000000000443, 0000000038, 0000000055, 'wd', '', 1, '2025-03-20 13:24:33'),
(0000000000000000000000000000000000000000000000000000000000000000000000000000000000000000000000000444, 0000000038, 0000000055, 'g', '', 1, '2025-03-20 13:24:34'),
(0000000000000000000000000000000000000000000000000000000000000000000000000000000000000000000000000445, 0000000038, 0000000042, 'wgr', '', 1, '2025-03-20 13:24:44'),
(0000000000000000000000000000000000000000000000000000000000000000000000000000000000000000000000000446, 0000000038, 0000000042, 'j', '', 1, '2025-03-20 13:24:44'),
(0000000000000000000000000000000000000000000000000000000000000000000000000000000000000000000000000447, 0000000038, 0000000042, 'สวัสดีครับ', '', 1, '2025-03-20 13:24:50'),
(0000000000000000000000000000000000000000000000000000000000000000000000000000000000000000000000000448, 0000000038, 0000000042, 'd', '', 1, '2025-03-20 13:36:06'),
(0000000000000000000000000000000000000000000000000000000000000000000000000000000000000000000000000449, 0000000038, 0000000042, 'adw', '', 1, '2025-03-20 13:36:07'),
(0000000000000000000000000000000000000000000000000000000000000000000000000000000000000000000000000450, 0000000042, 0000000038, 'wadw', '', 1, '2025-03-20 13:36:08'),
(0000000000000000000000000000000000000000000000000000000000000000000000000000000000000000000000000451, 0000000042, 0000000038, 'd', '', 1, '2025-03-20 13:36:09'),
(0000000000000000000000000000000000000000000000000000000000000000000000000000000000000000000000000452, 0000000042, 0000000038, 'g', '', 1, '2025-03-20 13:36:10'),
(0000000000000000000000000000000000000000000000000000000000000000000000000000000000000000000000000453, 0000000038, 0000000042, 'สวัสดีครับ', '', 1, '2025-03-20 13:36:13'),
(0000000000000000000000000000000000000000000000000000000000000000000000000000000000000000000000000454, 0000000038, 0000000054, 'waed', '', 0, '2025-03-20 13:44:42'),
(0000000000000000000000000000000000000000000000000000000000000000000000000000000000000000000000000455, 0000000038, 0000000042, 'wd', '', 1, '2025-03-20 13:44:47'),
(0000000000000000000000000000000000000000000000000000000000000000000000000000000000000000000000000456, 0000000038, 0000000042, 'd', '', 1, '2025-03-20 13:44:48'),
(0000000000000000000000000000000000000000000000000000000000000000000000000000000000000000000000000457, 0000000038, 0000000042, 'h', '', 1, '2025-03-20 13:44:48'),
(0000000000000000000000000000000000000000000000000000000000000000000000000000000000000000000000000458, 0000000038, 0000000042, 'u', '', 1, '2025-03-20 13:44:49'),
(0000000000000000000000000000000000000000000000000000000000000000000000000000000000000000000000000459, 0000000038, 0000000042, 'ฟไกดฟไำ', '', 1, '2025-03-20 14:08:45'),
(0000000000000000000000000000000000000000000000000000000000000000000000000000000000000000000000000460, 0000000038, 0000000042, 'เ', '', 1, '2025-03-20 14:08:46'),
(0000000000000000000000000000000000000000000000000000000000000000000000000000000000000000000000000461, 0000000038, 0000000042, 'สวัสดีครับ', '', 1, '2025-03-20 14:08:51'),
(0000000000000000000000000000000000000000000000000000000000000000000000000000000000000000000000000462, 0000000042, 0000000038, '.', '', 1, '2025-03-20 14:09:25'),
(0000000000000000000000000000000000000000000000000000000000000000000000000000000000000000000000000467, 0000000042, 0000000038, 'wdawdfaw', '', 1, '2025-03-20 14:14:01'),
(0000000000000000000000000000000000000000000000000000000000000000000000000000000000000000000000000468, 0000000042, 0000000038, 'rgrg', '', 1, '2025-03-20 14:14:02'),
(0000000000000000000000000000000000000000000000000000000000000000000000000000000000000000000000000469, 0000000042, 0000000038, 'sfgr', '', 1, '2025-03-20 14:14:02'),
(0000000000000000000000000000000000000000000000000000000000000000000000000000000000000000000000000470, 0000000042, 0000000038, 'wdawdawdawdawdasdwdwdasdwdwd', '', 1, '2025-03-20 14:31:28'),
(0000000000000000000000000000000000000000000000000000000000000000000000000000000000000000000000000471, 0000000042, 0000000038, 'wadawdaw', '', 1, '2025-03-20 14:31:29'),
(0000000000000000000000000000000000000000000000000000000000000000000000000000000000000000000000000472, 0000000042, 0000000038, 'wdwdwejfikerjg\nwdjkeofjrklgj\nwejlfgrogjer', '', 1, '2025-03-20 14:31:40'),
(0000000000000000000000000000000000000000000000000000000000000000000000000000000000000000000000000473, 0000000042, 0000000038, 'สวัสดีครับสวัสดีครับสวัสดีครับสวัสดีครับสวัสดีครับสวัสดีครับสวัสดีครับสวัสดีครับสวัสดีครับสวัสดีครับสวัสดีครับสวัสดีครับสวัสดีครับสวัสดีครับสวัสดีครับสวัสดีครับสวัสดีครับสวัสดีครับสวัสดีครับสวัสดีครับสวัสดีครับ', '', 1, '2025-03-20 14:31:48'),
(0000000000000000000000000000000000000000000000000000000000000000000000000000000000000000000000000474, 0000000045, 0000000038, '.......', '', 1, '2025-03-21 00:03:39'),
(0000000000000000000000000000000000000000000000000000000000000000000000000000000000000000000000000475, 0000000055, 0000000038, 'ได้ครับ', '', 1, '2025-03-21 00:04:05'),
(0000000000000000000000000000000000000000000000000000000000000000000000000000000000000000000000000476, 0000000038, 0000000032, 'ติดต่อครับ', '', 1, '2025-03-21 00:05:14'),
(0000000000000000000000000000000000000000000000000000000000000000000000000000000000000000000000000477, 0000000042, 0000000038, 'สวัสดีครับ', '', 1, '2025-03-21 00:05:44'),
(0000000000000000000000000000000000000000000000000000000000000000000000000000000000000000000000000478, 0000000042, 0000000038, 'ผมสนใจอยากเรียนกับพี่ต้องทำยังไงบ้างครับ', '', 1, '2025-03-21 00:06:00'),
(0000000000000000000000000000000000000000000000000000000000000000000000000000000000000000000000000479, 0000000038, 0000000042, 'น้องสนใจเรียนแบบไหนดีครับ', '', 1, '2025-03-21 00:06:10'),
(0000000000000000000000000000000000000000000000000000000000000000000000000000000000000000000000000481, 0000000042, 0000000038, 'ผมอยากเรียนเนื้อหาเตรียมสอบ คณิตศาสตร์ ม.ปลายครับ', '', 1, '2025-03-21 00:09:24'),
(0000000000000000000000000000000000000000000000000000000000000000000000000000000000000000000000000482, 0000000038, 0000000042, 'น้องสะดวกเรียนออนไลน์ หรือออนไซต์ครับ\nตอนนี้คิวพี่ว่าง อังคาร-เสาร์ ช่วง 16.00-19.00 นะครับ', '', 1, '2025-03-21 00:09:59'),
(0000000000000000000000000000000000000000000000000000000000000000000000000000000000000000000000000483, 0000000042, 0000000038, 'ได้ครับผมสมัครเรียนกับพี่นะครับ', '', 1, '2025-03-21 00:12:32'),
(0000000000000000000000000000000000000000000000000000000000000000000000000000000000000000000000000484, 0000000038, 0000000042, 'โอเคครับ', '', 1, '2025-03-21 00:12:46'),
(0000000000000000000000000000000000000000000000000000000000000000000000000000000000000000000000000485, 0000000042, 0000000038, '.', '', 1, '2025-03-21 00:13:02'),
(0000000000000000000000000000000000000000000000000000000000000000000000000000000000000000000000000486, 0000000042, 0000000038, '.', '', 1, '2025-03-21 00:20:41'),
(0000000000000000000000000000000000000000000000000000000000000000000000000000000000000000000000000487, 0000000042, 0000000038, '.', '', 1, '2025-04-01 22:26:05'),
(0000000000000000000000000000000000000000000000000000000000000000000000000000000000000000000000000493, 0000000042, 0000000038, 'สวัสดีครับ', '', 1, '2025-04-07 02:18:57'),
(0000000000000000000000000000000000000000000000000000000000000000000000000000000000000000000000000494, 0000000032, 0000000038, '.', '', 0, '2025-04-08 13:37:31'),
(0000000000000000000000000000000000000000000000000000000000000000000000000000000000000000000000000495, 0000000055, 0000000038, 'ได้ครับ', '', 0, '2025-04-09 07:21:03'),
(0000000000000000000000000000000000000000000000000000000000000000000000000000000000000000000000000496, 0000000048, 0000000038, 'พี่สอนเคมีไหมครับ', '', 0, '2025-04-09 07:22:24'),
(0000000000000000000000000000000000000000000000000000000000000000000000000000000000000000000000000497, 0000000042, 0000000038, '.', '', 1, '2025-04-09 09:36:57');

-- --------------------------------------------------------

--
-- Table structure for table `notifications`
--

CREATE TABLE `notifications` (
  `notification_id` int(10) UNSIGNED ZEROFILL NOT NULL COMMENT 'รหัสการแจ้งเตือน',
  `sender_id` int(10) UNSIGNED ZEROFILL DEFAULT NULL COMMENT 'รหัสผู้ส่งแจ้งเตือน',
  `account_id` int(10) UNSIGNED ZEROFILL NOT NULL COMMENT 'รหัสผู้ใช้งาน',
  `type` text NOT NULL COMMENT 'ประเภทการแจ้งเตือน',
  `message` text NOT NULL COMMENT 'ข้อความแจ้งเตือน',
  `is_read` tinyint(1) NOT NULL DEFAULT 0 COMMENT 'อ่านแจ้งเตือน',
  `timestamp` timestamp NOT NULL DEFAULT current_timestamp() COMMENT 'วันที่และเวลาที่แจ้งเตือน'
) ENGINE=InnoDB DEFAULT CHARSET=utf8mb4 COLLATE=utf8mb4_general_ci;

--
-- Dumping data for table `notifications`
--

INSERT INTO `notifications` (`notification_id`, `sender_id`, `account_id`, `type`, `message`, `is_read`, `timestamp`) VALUES
(0000000126, 0000000034, 0000000035, 'ได้รับสิทธิ์เป็นผู้สอน', 'ผู้ดูแลระบบตรวจสอบข้อมูลยืนยันตัวตนของคุณแล้ว', 0, '2025-03-17 15:55:39'),
(0000000127, 0000000034, 0000000036, 'ได้รับสิทธิ์เป็นผู้สอน', 'ผู้ดูแลระบบตรวจสอบข้อมูลยืนยันตัวตนของคุณแล้ว', 0, '2025-03-17 15:55:45'),
(0000000128, 0000000034, 0000000037, 'ได้รับสิทธิ์เป็นผู้สอน', 'ผู้ดูแลระบบตรวจสอบข้อมูลยืนยันตัวตนของคุณแล้ว', 0, '2025-03-17 15:55:47'),
(0000000129, 0000000034, 0000000038, 'ถูกปฏิเสธสิทธิ์เป็นผู้สอน', 'ภาพบัตรประชาชนไม่ชัดเจน', 0, '2025-03-17 15:56:18'),
(0000000130, 0000000034, 0000000039, 'ได้รับสิทธิ์เป็นผู้สอน', 'ผู้ดูแลระบบตรวจสอบข้อมูลยืนยันตัวตนของคุณแล้ว', 0, '2025-03-17 15:56:22'),
(0000000131, 0000000034, 0000000040, 'ได้รับสิทธิ์เป็นผู้สอน', 'ผู้ดูแลระบบตรวจสอบข้อมูลยืนยันตัวตนของคุณแล้ว', 0, '2025-03-17 15:56:25'),
(0000000132, 0000000034, 0000000041, 'ถูกปฏิเสธสิทธิ์เป็นผู้สอน', 'ภาพถ่ายไม่ชัดเจน', 0, '2025-03-17 15:56:49'),
(0000000133, 0000000032, 0000000038, 'ได้รับสิทธิ์เป็นผู้สอน', 'ผู้ดูแลระบบตรวจสอบข้อมูลยืนยันตัวตนของคุณแล้ว', 0, '2025-03-17 15:58:49'),
(0000000134, 0000000032, 0000000041, 'ได้รับสิทธิ์เป็นผู้สอน', 'ผู้ดูแลระบบตรวจสอบข้อมูลยืนยันตัวตนของคุณแล้ว', 0, '2025-03-17 15:58:52'),
(0000000135, 0000000032, 0000000041, 'ระงับการสอน', 'ผู้ดูแลระงับการสอนของคุณชั่วคราว โปรดติดต่อผู้ดูแล กรอกวิชาสอนไม่ตรง', 0, '2025-03-17 16:03:33'),
(0000000136, 0000000032, 0000000038, 'ระงับการสอน', 'ผู้ดูแลระงับการสอนของคุณชั่วคราว โปรดติดต่อผู้ดูแล ระบุวิชาสอนไม่ตรงเนื้อหาที่สอน', 0, '2025-03-17 16:03:55'),
(0000000137, 0000000032, 0000000039, 'ระงับการสอน', 'ผู้ดูแลระงับการสอนของคุณชั่วคราว โปรดติดต่อผู้ดูแล เนื้อหาการสอนผิดกฎเว็บไซต์', 0, '2025-03-17 16:04:18'),
(0000000138, 0000000032, 0000000039, 'ปลดระงับการสอน', 'ผู้ดูแลได้ให้สิทธิ์อนุญาติการสอนคุณอีกครั้ง', 0, '2025-03-17 16:04:21'),
(0000000139, 0000000032, 0000000038, 'ปลดระงับการสอน', 'ผู้ดูแลได้ให้สิทธิ์อนุญาติการสอนคุณอีกครั้ง', 0, '2025-03-17 16:04:25'),
(0000000140, 0000000032, 0000000041, 'ปลดระงับการสอน', 'ผู้ดูแลได้ให้สิทธิ์อนุญาติการสอนคุณอีกครั้ง', 0, '2025-03-17 16:04:27'),
(0000000141, 0000000042, 0000000035, 'ถูกรายงานโดยผู้ใช้งานอื่น', 'ถูกรายงานข้อหา \"สอนไม่ตรงเนื้อหา\"', 0, '2025-03-17 16:53:21'),
(0000000142, 0000000032, 0000000042, 'ถูกรายงานโดยผู้ใช้งานอื่น', 'ถูกรายงานข้อหา \"ก่อกวนสมัครเรียนหลายครั้ง\"', 0, '2025-03-17 17:34:51'),
(0000000143, 0000000038, 0000000043, 'ตอบรับการสอน', 'ผู้สอน พี่อาร์ม ทำการตอบรับการสอนวิชา การสัมภาษณ์งาน ของคุณ', 0, '2025-03-17 17:39:57'),
(0000000144, 0000000038, 0000000043, 'ปฏิเสธการสอน', 'ผู้สอน พี่อาร์ม ทำการปฏิเสธการสมัครเรียนวิชา คณิตศาสตร์ ของคุณ', 0, '2025-03-17 17:39:58'),
(0000000145, 0000000038, 0000000046, 'ตอบรับการสอน', 'ผู้สอน พี่อาร์ม ทำการตอบรับการสอนวิชา ภาษาอังกฤษ ของคุณ', 0, '2025-03-17 17:40:01'),
(0000000146, 0000000038, 0000000042, 'ปฏิเสธการสอน', 'ผู้สอน พี่อาร์ม ทำการปฏิเสธการสมัครเรียนวิชา คณิตศาสตร์ ของคุณ', 0, '2025-03-17 20:24:26'),
(0000000147, 0000000032, 0000000035, 'ระงับการสอน', 'ผู้ดูแลระงับการสอนของคุณชั่วคราว โปรดติดต่อผู้ดูแล \"นักเรียนแจ้งพฤติกรรมไม่เหมาะสม\"', 0, '2025-03-17 20:38:55'),
(0000000148, 0000000054, 0000000038, 'สมัครเรียน', 'ผู้ใช้งาน Student009 สมัครเรียนวิชา ภาษาอังกฤษ ของคุณ', 0, '2025-03-17 20:52:52'),
(0000000149, 0000000054, 0000000038, 'ยกเลิกการสมัครเรียน', 'ผู้ใช้งาน Student009 ทำการยกเลิกการสมัครเรียนวิชา ภาษาอังกฤษ ของคุณ', 0, '2025-03-17 20:52:55'),
(0000000150, 0000000054, 0000000038, 'สมัครเรียน', 'ผู้ใช้งาน Student009 สมัครเรียนวิชา ภาษาอังกฤษ ของคุณ', 0, '2025-03-17 20:52:58'),
(0000000151, 0000000054, 0000000038, 'สมัครเรียน', 'ผู้ใช้งาน Student009 สมัครเรียนวิชา คณิตศาสตร์ ของคุณ', 0, '2025-03-17 20:52:59'),
(0000000152, 0000000054, 0000000038, 'สมัครเรียน', 'ผู้ใช้งาน Student009 สมัครเรียนวิชา การสัมภาษณ์งาน ของคุณ', 0, '2025-03-17 20:53:01'),
(0000000153, 0000000054, 0000000038, 'สมัครเรียน', 'ผู้ใช้งาน Student009 สมัครเรียนวิชา การสื่อสาร ของคุณ', 0, '2025-03-17 20:53:03'),
(0000000154, 0000000054, 0000000038, 'ถูกรายงานโดยผู้ใช้งานอื่น', 'ถูกรายงานข้อหา \"ไม่ตอบแชท\"', 0, '2025-03-17 20:54:59'),
(0000000155, 0000000054, 0000000038, 'ถูกรายงานโดยผู้ใช้งานอื่น', 'ถูกรายงานข้อหา \"หลอกลวง\"', 0, '2025-03-17 20:55:13'),
(0000000156, 0000000054, 0000000038, 'ถูกรายงานโดยผู้ใช้งานอื่น', 'ถูกรายงานข้อหา \"สอนไม่ตรงที่ตกลง\"', 0, '2025-03-17 20:55:25'),
(0000000157, 0000000038, 0000000054, 'ตอบรับการสอน', 'ผู้สอน พี่อาร์ม ทำการตอบรับการสอนวิชา ภาษาอังกฤษ ของคุณ', 0, '2025-03-17 20:56:44'),
(0000000158, 0000000038, 0000000054, 'ปฏิเสธการสอน', 'ผู้สอน พี่อาร์ม ทำการปฏิเสธการสมัครเรียนวิชา การสัมภาษณ์งาน ของคุณ', 0, '2025-03-17 20:56:49'),
(0000000159, 0000000038, 0000000054, 'ตอบรับการสอน', 'ผู้สอน พี่อาร์ม ทำการตอบรับการสอนวิชา คณิตศาสตร์ ของคุณ', 0, '2025-03-17 20:56:52'),
(0000000160, 0000000038, 0000000054, 'ตอบรับการสอน', 'ผู้สอน พี่อาร์ม ทำการตอบรับการสอนวิชา การสื่อสาร ของคุณ', 0, '2025-03-17 20:56:54'),
(0000000161, 0000000055, 0000000038, 'สมัครเรียน', 'ผู้ใช้งาน Student010 สมัครเรียนวิชา ภาษาอังกฤษ ของคุณ', 0, '2025-03-17 21:10:10'),
(0000000162, 0000000055, 0000000038, 'สมัครเรียน', 'ผู้ใช้งาน Student010 สมัครเรียนวิชา คณิตศาสตร์ ของคุณ', 0, '2025-03-17 21:10:11'),
(0000000163, 0000000055, 0000000038, 'ยกเลิกการสมัครเรียน', 'ผู้ใช้งาน Student010 ทำการยกเลิกการสมัครเรียนวิชา ภาษาอังกฤษ ของคุณ', 0, '2025-03-17 21:10:13'),
(0000000164, 0000000055, 0000000038, 'สมัครเรียน', 'ผู้ใช้งาน Student010 สมัครเรียนวิชา ภาษาอังกฤษ ของคุณ', 0, '2025-03-17 21:10:15'),
(0000000165, 0000000055, 0000000038, 'สมัครเรียน', 'ผู้ใช้งาน Student010 สมัครเรียนวิชา การสัมภาษณ์งาน ของคุณ', 0, '2025-03-17 21:10:16'),
(0000000166, 0000000055, 0000000038, 'สมัครเรียน', 'ผู้ใช้งาน Student010 สมัครเรียนวิชา การสื่อสาร ของคุณ', 0, '2025-03-17 21:10:17'),
(0000000167, 0000000055, 0000000038, 'ถูกรายงานโดยผู้ใช้งานอื่น', 'ถูกรายงานข้อหา \"ไม่ตอบแชท\"', 0, '2025-03-17 21:12:19'),
(0000000168, 0000000055, 0000000038, 'ถูกรายงานโดยผู้ใช้งานอื่น', 'ถูกรายงานข้อหา \"หลอกหลวง\"', 0, '2025-03-17 21:12:28'),
(0000000169, 0000000055, 0000000038, 'ถูกรายงานโดยผู้ใช้งานอื่น', 'ถูกรายงานข้อหา \"สอนไม่ตรงที่ตกลง\"', 0, '2025-03-17 21:12:39'),
(0000000170, 0000000038, 0000000055, 'ตอบรับการสอน', 'ผู้สอน พี่อาร์ม ทำการตอบรับการสอนวิชา คณิตศาสตร์ ของคุณ', 0, '2025-03-17 21:13:10'),
(0000000171, 0000000038, 0000000055, 'ตอบรับการสอน', 'ผู้สอน พี่อาร์ม ทำการตอบรับการสอนวิชา ภาษาอังกฤษ ของคุณ', 0, '2025-03-17 21:13:12'),
(0000000172, 0000000038, 0000000055, 'ตอบรับการสอน', 'ผู้สอน พี่อาร์ม ทำการตอบรับการสอนวิชา การสัมภาษณ์งาน ของคุณ', 0, '2025-03-17 21:13:15'),
(0000000173, 0000000038, 0000000055, 'ปฏิเสธการสอน', 'ผู้สอน พี่อาร์ม ทำการปฏิเสธการสมัครเรียนวิชา การสื่อสาร ของคุณ', 0, '2025-03-17 21:13:19'),
(0000000175, 0000000032, 0000000056, 'ได้รับสิทธิ์เป็นผู้สอน', 'ผู้ดูแลระบบตรวจสอบข้อมูลยืนยันตัวตนของคุณแล้ว', 0, '2025-03-17 21:23:25'),
(0000000176, 0000000032, 0000000035, 'ปลดระงับการสอน', 'ผู้ดูแลได้ให้สิทธิ์อนุญาติการสอนคุณอีกครั้ง', 0, '2025-03-17 21:24:48'),
(0000000177, 0000000032, 0000000035, 'ระงับการสอน', 'ผู้ดูแลระงับการสอนของคุณชั่วคราว โปรดติดต่อผู้ดูแล \"สอนไม่ดี\"', 0, '2025-03-17 21:24:56'),
(0000000178, 0000000042, 0000000038, 'สมัครเรียน', 'ผู้ใช้งาน Student001 สมัครเรียนวิชา ภาษาอังกฤษ ของคุณ', 0, '2025-03-20 13:02:09'),
(0000000179, 0000000042, 0000000038, 'สมัครเรียน', 'ผู้ใช้งาน Student001 สมัครเรียนวิชา คณิตศาสตร์ ของคุณ', 0, '2025-03-20 13:02:10'),
(0000000180, 0000000042, 0000000038, 'ยกเลิกการสมัครเรียน', 'ผู้ใช้งาน Student001 ทำการยกเลิกการสมัครเรียนวิชา คณิตศาสตร์ ของคุณ', 0, '2025-03-20 13:02:12'),
(0000000181, 0000000042, 0000000038, 'ยกเลิกการสมัครเรียน', 'ผู้ใช้งาน Student001 ทำการยกเลิกการสมัครเรียนวิชา ภาษาอังกฤษ ของคุณ', 0, '2025-03-20 13:02:13'),
(0000000182, 0000000042, 0000000038, 'สมัครเรียน', 'ผู้ใช้งาน Student001 สมัครเรียนวิชา ภาษาอังกฤษ ของคุณ', 0, '2025-03-20 13:22:22'),
(0000000183, 0000000042, 0000000038, 'ยกเลิกการสมัครเรียน', 'ผู้ใช้งาน Student001 ทำการยกเลิกการสมัครเรียนวิชา ภาษาอังกฤษ ของคุณ', 0, '2025-03-20 13:22:23'),
(0000000184, 0000000042, 0000000038, 'สมัครเรียน', 'ผู้ใช้งาน Student001 สมัครเรียนวิชา ภาษาอังกฤษ ของคุณ', 0, '2025-03-20 13:43:11'),
(0000000185, 0000000042, 0000000038, 'ยกเลิกการสมัครเรียน', 'ผู้ใช้งาน Student001 ทำการยกเลิกการสมัครเรียนวิชา ภาษาอังกฤษ ของคุณ', 0, '2025-03-20 13:43:13'),
(0000000186, 0000000042, 0000000038, 'สมัครเรียน', 'ผู้ใช้งาน Student001 สมัครเรียนวิชา คณิตศาสตร์ ของคุณ', 0, '2025-03-20 13:43:14'),
(0000000187, 0000000042, 0000000038, 'ยกเลิกการสมัครเรียน', 'ผู้ใช้งาน Student001 ทำการยกเลิกการสมัครเรียนวิชา คณิตศาสตร์ ของคุณ', 0, '2025-03-20 13:43:16'),
(0000000188, 0000000042, 0000000038, 'สมัครเรียน', 'ผู้ใช้งาน Student001 สมัครเรียนวิชา ภาษาอังกฤษ ของคุณ', 0, '2025-03-20 14:03:44'),
(0000000189, 0000000042, 0000000038, 'สมัครเรียน', 'ผู้ใช้งาน Student001 สมัครเรียนวิชา คณิตศาสตร์ ของคุณ', 0, '2025-03-20 14:03:46'),
(0000000190, 0000000042, 0000000038, 'ยกเลิกการสมัครเรียน', 'ผู้ใช้งาน Student001 ทำการยกเลิกการสมัครเรียนวิชา คณิตศาสตร์ ของคุณ', 0, '2025-03-20 14:03:47'),
(0000000191, 0000000042, 0000000038, 'ยกเลิกการสมัครเรียน', 'ผู้ใช้งาน Student001 ทำการยกเลิกการสมัครเรียนวิชา ภาษาอังกฤษ ของคุณ', 0, '2025-03-20 14:03:48'),
(0000000192, 0000000042, 0000000038, 'สมัครเรียน', 'ผู้ใช้งาน Student001 สมัครเรียนวิชา ภาษาอังกฤษ ของคุณ', 0, '2025-03-20 14:29:08'),
(0000000193, 0000000042, 0000000038, 'ยกเลิกการสมัครเรียน', 'ผู้ใช้งาน Student001 ทำการยกเลิกการสมัครเรียนวิชา ภาษาอังกฤษ ของคุณ', 0, '2025-03-20 14:29:10'),
(0000000194, 0000000042, 0000000038, 'สมัครเรียน', 'ผู้ใช้งาน Student001 สมัครเรียนวิชา คณิตศาสตร์ ของคุณ', 0, '2025-03-20 14:29:12'),
(0000000195, 0000000042, 0000000038, 'ยกเลิกการสมัครเรียน', 'ผู้ใช้งาน Student001 ทำการยกเลิกการสมัครเรียนวิชา คณิตศาสตร์ ของคุณ', 0, '2025-03-20 14:30:31'),
(0000000196, 0000000042, 0000000038, 'สมัครเรียน', 'ผู้ใช้งาน Student001 สมัครเรียนวิชา ภาษาอังกฤษ ของคุณ', 0, '2025-03-20 14:36:25'),
(0000000197, 0000000038, 0000000042, 'ปฏิเสธการสอน', 'ผู้สอน พี่อาร์ม ทำการปฏิเสธการสมัครเรียนวิชา ภาษาอังกฤษ ของคุณ', 0, '2025-03-20 14:36:38'),
(0000000198, 0000000032, 0000000035, 'ได้รับสิทธิ์เป็นผู้สอน', 'ผู้ดูแลระบบตรวจสอบข้อมูลยืนยันตัวตนของคุณแล้ว', 0, '2025-03-20 23:56:23'),
(0000000199, 0000000042, 0000000038, 'สมัครเรียน', 'ผู้ใช้งาน Student001 สมัครเรียนวิชา ภาษาอังกฤษ ของคุณ', 0, '2025-03-20 23:59:04'),
(0000000200, 0000000055, 0000000038, 'สมัครเรียน', 'ผู้ใช้งาน Student010 สมัครเรียนวิชา การสื่อสาร ของคุณ', 0, '2025-03-21 00:00:04'),
(0000000210, 0000000032, 0000000035, 'ระงับการสอน', 'ผู้ดูแลระงับการสอนของคุณชั่วคราว โปรดติดต่อผู้ดูแล \"ระงับชั่วคราว\"', 0, '2025-04-02 04:29:29'),
(0000000211, 0000000032, 0000000035, 'ปลดระงับการสอน', 'ผู้ดูแลได้ให้สิทธิ์อนุญาติการสอนคุณอีกครั้ง', 0, '2025-04-02 04:29:36'),
(0000000212, 0000000042, 0000000038, 'สมัครเรียน', 'ผู้ใช้งาน Student001 สมัครเรียนวิชา คณิตศาสตร์ ของคุณ', 0, '2025-04-07 02:17:30'),
(0000000213, 0000000042, 0000000038, 'ยกเลิกการสมัครเรียน', 'ผู้ใช้งาน Student001 ทำการยกเลิกการสมัครเรียนวิชา คณิตศาสตร์ ของคุณ', 0, '2025-04-07 02:17:32'),
(0000000215, 0000000032, 0000000035, 'ระงับการสอน', 'ผู้ดูแลระงับการสอนของคุณชั่วคราว โปรดติดต่อผู้ดูแล \"...\"', 0, '2025-04-07 02:26:30'),
(0000000216, 0000000032, 0000000035, 'ปลดระงับการสอน', 'ผู้ดูแลได้ให้สิทธิ์อนุญาติการสอนคุณอีกครั้ง', 0, '2025-04-07 02:26:34'),
(0000000218, 0000000042, 0000000038, 'สมัครเรียน', 'ผู้ใช้งาน Student001 สมัครเรียนวิชา คณิตศาสตร์ ของคุณ', 0, '2025-04-09 07:18:21'),
(0000000219, 0000000042, 0000000038, 'ยกเลิกการสมัครเรียน', 'ผู้ใช้งาน Student001 ทำการยกเลิกการสมัครเรียนวิชา คณิตศาสตร์ ของคุณ', 0, '2025-04-09 07:18:22'),
(0000000220, 0000000042, 0000000038, 'สมัครเรียน', 'ผู้ใช้งาน Student001 สมัครเรียนวิชา คณิตศาสตร์ ของคุณ', 0, '2025-04-09 09:36:06'),
(0000000221, 0000000042, 0000000038, 'ยกเลิกการสมัครเรียน', 'ผู้ใช้งาน Student001 ทำการยกเลิกการสมัครเรียนวิชา คณิตศาสตร์ ของคุณ', 0, '2025-04-09 09:36:08'),
(0000000222, 0000000042, 0000000038, 'ถูกรายงานโดยผู้ใช้งานอื่น', 'ถูกรายงานข้อหา \"ไม่ทำการสอน\"', 0, '2025-04-09 09:37:21'),
(0000000223, 0000000032, 0000000035, 'ระงับการสอน', 'ผู้ดูแลระงับการสอนของคุณชั่วคราว โปรดติดต่อผู้ดูแล \"ไม่น่าเชื่อถือ\"', 0, '2025-04-09 09:43:14'),
(0000000224, 0000000032, 0000000035, 'ปลดระงับการสอน', 'ผู้ดูแลได้ให้สิทธิ์อนุญาติการสอนคุณอีกครั้ง', 0, '2025-04-09 09:43:21'),
(0000000225, 0000000042, 0000000038, 'สมัครเรียน', 'ผู้ใช้งาน Student001 สมัครเรียนวิชา คณิตศาสตร์ ของคุณ', 0, '2025-04-10 11:33:05'),
(0000000226, 0000000042, 0000000038, 'ยกเลิกการสมัครเรียน', 'ผู้ใช้งาน Student001 ทำการยกเลิกการสมัครเรียนวิชา คณิตศาสตร์ ของคุณ', 0, '2025-04-10 11:33:07');

-- --------------------------------------------------------

--
-- Table structure for table `reports`
--

CREATE TABLE `reports` (
  `report_id` int(100) UNSIGNED ZEROFILL NOT NULL COMMENT 'รหัสรายงาน',
  `account_id` int(10) UNSIGNED ZEROFILL NOT NULL COMMENT 'ผู้โดนรายงาน',
  `reporter_id` int(10) UNSIGNED ZEROFILL NOT NULL COMMENT 'ผู้รายงาน',
  `message` text NOT NULL COMMENT 'ข้อความรายงาน',
  `timestamp` timestamp NOT NULL DEFAULT current_timestamp() ON UPDATE current_timestamp() COMMENT 'เวลาที่รายงาน'
) ENGINE=InnoDB DEFAULT CHARSET=utf8mb4 COLLATE=utf8mb4_general_ci;

--
-- Dumping data for table `reports`
--

INSERT INTO `reports` (`report_id`, `account_id`, `reporter_id`, `message`, `timestamp`) VALUES
(0000000000000000000000000000000000000000000000000000000000000000000000000000000000000000000000000012, 0000000035, 0000000042, 'สอนไม่ตรงเนื้อหา', '2025-03-17 16:53:21'),
(0000000000000000000000000000000000000000000000000000000000000000000000000000000000000000000000000013, 0000000042, 0000000032, 'ก่อกวนสมัครเรียนหลายครั้ง', '2025-03-17 17:34:51'),
(0000000000000000000000000000000000000000000000000000000000000000000000000000000000000000000000000014, 0000000038, 0000000054, 'ไม่ตอบแชท', '2025-03-17 20:54:59'),
(0000000000000000000000000000000000000000000000000000000000000000000000000000000000000000000000000015, 0000000038, 0000000054, 'หลอกลวง', '2025-03-17 20:55:13'),
(0000000000000000000000000000000000000000000000000000000000000000000000000000000000000000000000000016, 0000000038, 0000000054, 'สอนไม่ตรงที่ตกลง', '2025-03-17 20:55:25'),
(0000000000000000000000000000000000000000000000000000000000000000000000000000000000000000000000000017, 0000000038, 0000000055, 'ไม่ตอบแชท', '2025-03-17 21:12:19'),
(0000000000000000000000000000000000000000000000000000000000000000000000000000000000000000000000000018, 0000000038, 0000000055, 'หลอกหลวง', '2025-03-17 21:12:28'),
(0000000000000000000000000000000000000000000000000000000000000000000000000000000000000000000000000019, 0000000038, 0000000055, 'สอนไม่ตรงที่ตกลง', '2025-03-17 21:12:39'),
(0000000000000000000000000000000000000000000000000000000000000000000000000000000000000000000000000021, 0000000038, 0000000042, 'ไม่ทำการสอน', '2025-04-09 09:37:21');

-- --------------------------------------------------------

--
-- Table structure for table `revisits`
--

CREATE TABLE `revisits` (
  `revisit_id` int(10) UNSIGNED ZEROFILL NOT NULL COMMENT 'รหัสการกลับมาเรียน',
  `tutor_id` int(10) UNSIGNED ZEROFILL NOT NULL COMMENT 'รหัสผู้สอน',
  `account_id` int(10) UNSIGNED ZEROFILL NOT NULL COMMENT 'รหัสผู้เรียน',
  `revisit_count` int(10) NOT NULL DEFAULT 0 COMMENT 'จำนวนการกลับมาเรียน',
  `update_timestamp` timestamp NOT NULL DEFAULT current_timestamp() ON UPDATE current_timestamp() COMMENT 'เวลาที่อัปเดท'
) ENGINE=InnoDB DEFAULT CHARSET=utf8mb4 COLLATE=utf8mb4_general_ci;

--
-- Dumping data for table `revisits`
--

INSERT INTO `revisits` (`revisit_id`, `tutor_id`, `account_id`, `revisit_count`, `update_timestamp`) VALUES
(0000000062, 0000000023, 0000000042, 2, '2025-03-17 15:42:50'),
(0000000063, 0000000023, 0000000043, 1, '2025-03-17 15:42:50'),
(0000000064, 0000000023, 0000000044, 2, '2025-03-17 15:42:50'),
(0000000065, 0000000025, 0000000042, 1, '2025-03-17 15:42:50'),
(0000000066, 0000000026, 0000000042, 2, '2025-03-17 15:42:50'),
(0000000067, 0000000026, 0000000046, 1, '2025-03-17 15:42:50'),
(0000000068, 0000000027, 0000000042, 2, '2025-03-17 15:42:50'),
(0000000069, 0000000028, 0000000042, 2, '2025-03-17 15:42:50'),
(0000000070, 0000000028, 0000000043, 1, '2025-03-17 15:42:50'),
(0000000071, 0000000029, 0000000042, 2, '2025-03-17 15:42:50'),
(0000000077, 0000000026, 0000000043, 0, '2025-03-17 17:39:57'),
(0000000078, 0000000026, 0000000046, 1, '2025-03-17 17:40:01'),
(0000000079, 0000000026, 0000000054, 0, '2025-03-17 20:56:44'),
(0000000080, 0000000026, 0000000054, 1, '2025-03-17 20:56:52'),
(0000000081, 0000000026, 0000000054, 2, '2025-03-17 20:56:54'),
(0000000082, 0000000026, 0000000055, 0, '2025-03-17 21:13:10'),
(0000000083, 0000000026, 0000000055, 1, '2025-03-17 21:13:12'),
(0000000084, 0000000026, 0000000055, 2, '2025-03-17 21:13:15');

-- --------------------------------------------------------

--
-- Table structure for table `studies`
--

CREATE TABLE `studies` (
  `study_id` int(10) UNSIGNED ZEROFILL NOT NULL COMMENT 'รหัสการเรียน',
  `account_id` int(10) UNSIGNED ZEROFILL NOT NULL COMMENT 'รหัสผู้เรียน',
  `tutor_id` int(10) UNSIGNED ZEROFILL NOT NULL COMMENT 'รหัสผู้สอน',
  `subject_id` int(10) UNSIGNED ZEROFILL NOT NULL COMMENT 'รหัสวิชา',
  `status` enum('รออนุมัติ','อนุมัติคำขอ') NOT NULL DEFAULT 'รออนุมัติ' COMMENT 'สถานะการเรียน',
  `rating_study` int(1) DEFAULT NULL COMMENT 'คะแนนรีวิวการเรียน',
  `register_timestamp` timestamp NOT NULL DEFAULT current_timestamp() COMMENT 'เวลาที่สมัครเรียน',
  `approve_timestamp` timestamp NULL DEFAULT NULL COMMENT 'เวลาที่ได้รับอนุมัติ'
) ENGINE=InnoDB DEFAULT CHARSET=utf8mb4 COLLATE=utf8mb4_general_ci;

--
-- Dumping data for table `studies`
--

INSERT INTO `studies` (`study_id`, `account_id`, `tutor_id`, `subject_id`, `status`, `rating_study`, `register_timestamp`, `approve_timestamp`) VALUES
(0000000072, 0000000042, 0000000026, 0000000089, 'อนุมัติคำขอ', 5, '2025-03-15 02:37:51', '2025-03-15 02:49:34'),
(0000000074, 0000000042, 0000000023, 0000000081, 'อนุมัติคำขอ', 4, '2025-03-15 02:37:57', '2025-03-17 13:32:52'),
(0000000075, 0000000042, 0000000023, 0000000080, 'อนุมัติคำขอ', 4, '2025-03-15 02:37:59', '2025-03-17 13:33:00'),
(0000000076, 0000000042, 0000000028, 0000000099, 'อนุมัติคำขอ', 5, '2025-03-15 02:38:03', '2025-03-17 13:35:02'),
(0000000077, 0000000042, 0000000028, 0000000097, 'อนุมัติคำขอ', 3, '2025-03-15 02:38:04', '2025-03-17 13:35:06'),
(0000000078, 0000000042, 0000000024, 0000000103, 'รออนุมัติ', NULL, '2025-03-15 02:38:07', NULL),
(0000000079, 0000000042, 0000000025, 0000000085, 'อนุมัติคำขอ', 3, '2025-03-15 02:38:10', '2025-03-17 13:33:34'),
(0000000080, 0000000042, 0000000027, 0000000093, 'อนุมัติคำขอ', 4, '2025-03-15 02:38:13', '2025-03-17 13:34:26'),
(0000000081, 0000000042, 0000000027, 0000000091, 'อนุมัติคำขอ', 5, '2025-03-15 02:38:14', '2025-03-17 13:34:28'),
(0000000082, 0000000043, 0000000023, 0000000080, 'อนุมัติคำขอ', NULL, '2025-03-15 02:45:10', '2025-03-17 15:32:23'),
(0000000083, 0000000043, 0000000024, 0000000103, 'รออนุมัติ', NULL, '2025-03-15 02:45:13', NULL),
(0000000084, 0000000043, 0000000025, 0000000086, 'รออนุมัติ', NULL, '2025-03-15 02:45:15', NULL),
(0000000085, 0000000043, 0000000027, 0000000093, 'รออนุมัติ', NULL, '2025-03-15 02:45:19', NULL),
(0000000086, 0000000043, 0000000027, 0000000092, 'รออนุมัติ', NULL, '2025-03-15 02:45:20', NULL),
(0000000087, 0000000043, 0000000026, 0000000089, 'อนุมัติคำขอ', 5, '2025-03-15 02:45:23', '2025-03-17 17:39:57'),
(0000000088, 0000000043, 0000000028, 0000000098, 'อนุมัติคำขอ', NULL, '2025-03-15 02:45:26', '2025-03-17 13:35:10'),
(0000000090, 0000000046, 0000000026, 0000000089, 'อนุมัติคำขอ', NULL, '2025-03-15 02:48:50', '2025-03-15 02:49:46'),
(0000000091, 0000000046, 0000000026, 0000000087, 'อนุมัติคำขอ', NULL, '2025-03-15 02:48:51', '2025-03-17 17:40:01'),
(0000000093, 0000000042, 0000000026, 0000000090, 'อนุมัติคำขอ', 5, '2025-03-15 02:49:05', '2025-03-15 02:49:43'),
(0000000094, 0000000042, 0000000029, 0000000104, 'อนุมัติคำขอ', 3, '2025-03-17 14:38:03', '2025-03-17 14:38:23'),
(0000000096, 0000000042, 0000000029, 0000000106, 'อนุมัติคำขอ', 4, '2025-03-17 14:38:06', '2025-03-17 14:38:27'),
(0000000099, 0000000044, 0000000023, 0000000081, 'อนุมัติคำขอ', NULL, '2025-03-17 15:34:34', '2025-03-17 15:35:30'),
(0000000100, 0000000044, 0000000023, 0000000080, 'อนุมัติคำขอ', NULL, '2025-03-17 15:34:35', '2025-03-17 15:40:56'),
(0000000103, 0000000054, 0000000026, 0000000087, 'อนุมัติคำขอ', 5, '2025-03-17 20:52:58', '2025-03-17 20:56:44'),
(0000000104, 0000000054, 0000000026, 0000000088, 'อนุมัติคำขอ', 5, '2025-03-17 20:52:59', '2025-03-17 20:56:52'),
(0000000106, 0000000054, 0000000026, 0000000090, 'อนุมัติคำขอ', 5, '2025-03-17 20:53:03', '2025-03-17 20:56:54'),
(0000000108, 0000000055, 0000000026, 0000000088, 'อนุมัติคำขอ', 5, '2025-03-17 21:10:11', '2025-03-17 21:13:10'),
(0000000109, 0000000055, 0000000026, 0000000087, 'อนุมัติคำขอ', 5, '2025-03-17 21:10:15', '2025-03-17 21:13:12'),
(0000000110, 0000000055, 0000000026, 0000000089, 'อนุมัติคำขอ', 5, '2025-03-17 21:10:16', '2025-03-17 21:13:15'),
(0000000122, 0000000042, 0000000026, 0000000087, 'รออนุมัติ', NULL, '2025-03-20 23:59:04', NULL),
(0000000123, 0000000055, 0000000026, 0000000090, 'รออนุมัติ', NULL, '2025-03-21 00:00:04', NULL);

-- --------------------------------------------------------

--
-- Table structure for table `subjects`
--

CREATE TABLE `subjects` (
  `subject_id` int(10) UNSIGNED ZEROFILL NOT NULL COMMENT 'รหัสข้อมูลวิชาที่สอน',
  `tutor_id` int(10) UNSIGNED ZEROFILL NOT NULL COMMENT 'รหัสผู้สอน',
  `category` varchar(100) NOT NULL COMMENT 'หมวดหมู่วิชา',
  `subject_name` varchar(100) NOT NULL COMMENT 'ชื่อวิชาที่สอน',
  `description` text DEFAULT NULL COMMENT 'คำอธิบายรายวิชา',
  `subject_place` enum('ออนไซต์ และ ออนไลน์','ออนไซต์','ออนไลน์','') NOT NULL COMMENT 'ประเภทสถานที่สอน',
  `degree_level` varchar(100) NOT NULL COMMENT 'ระดับวิชาที่สอน',
  `price` int(11) NOT NULL COMMENT 'ราคาต่อชั่วโมง',
  `rating_subject` float DEFAULT NULL COMMENT 'คะแนนรายวิชา',
  `register_count` int(11) NOT NULL DEFAULT 0 COMMENT 'จำนวนผู้สมัคร',
  `student_count` int(11) NOT NULL DEFAULT 0 COMMENT 'จำนวนผู้เรียน',
  `timestamp` timestamp NOT NULL DEFAULT current_timestamp() COMMENT 'เวลาที่สร้างวิชาสอน'
) ENGINE=InnoDB DEFAULT CHARSET=utf8mb4 COLLATE=utf8mb4_general_ci;

--
-- Dumping data for table `subjects`
--

INSERT INTO `subjects` (`subject_id`, `tutor_id`, `category`, `subject_name`, `description`, `subject_place`, `degree_level`, `price`, `rating_subject`, `register_count`, `student_count`, `timestamp`) VALUES
(0000000080, 0000000023, 'วิชาการ', 'คณิตศาสตร์ ม.ปลาย', '', 'ออนไซต์ และ ออนไลน์', '', 300, 4, 3, 3, '2025-03-15 01:43:47'),
(0000000081, 0000000023, 'วิชาการ', 'ติวสอบ PAT1 และวิชาสามัญ', '', 'ออนไซต์ และ ออนไลน์', 'มัธยมปลาย', 300, 4, 2, 2, '2025-03-15 01:44:31'),
(0000000083, 0000000024, 'ภาษา', 'ภาษาอังกฤษเพื่อการสื่อสาร', '', 'ออนไซต์', '', 350, NULL, 0, 0, '2025-03-15 01:54:15'),
(0000000085, 0000000025, 'ดนตรี', 'กีตาร์คลาสสิก / ไฟฟ้า', '', 'ออนไซต์', '', 250, 3, 1, 1, '2025-03-15 01:57:58'),
(0000000086, 0000000025, 'ดนตรี', 'เปียโนขั้นพื้นฐาน', '', 'ออนไซต์', '', 250, NULL, 1, 0, '2025-03-15 01:58:13'),
(0000000087, 0000000026, 'ภาษา', 'ภาษาอังกฤษ', '', 'ออนไซต์ และ ออนไลน์', 'มัธยมปลาย', 200, 5, 4, 3, '2025-03-15 02:08:03'),
(0000000088, 0000000026, 'วิชาการ', 'คณิตศาสตร์', '', 'ออนไซต์ และ ออนไลน์', 'มัธยมปลาย', 200, 5, 2, 2, '2025-03-15 02:08:23'),
(0000000089, 0000000026, 'พัฒนาวิชาชีพ', 'การสัมภาษณ์งาน', '', 'ออนไซต์ และ ออนไลน์', '', 150, 5, 5, 5, '2025-03-15 02:08:51'),
(0000000090, 0000000026, 'ทักษะชีวิต', 'การสื่อสาร', '', 'ออนไซต์ และ ออนไลน์', '', 150, 5, 4, 2, '2025-03-15 02:09:36'),
(0000000091, 0000000027, 'คอมพิวเตอร์', 'การเขียนโปรแกรม/การพัฒนาเว็บ', '', 'ออนไซต์ และ ออนไลน์', '', 300, 5, 1, 1, '2025-03-15 02:13:19'),
(0000000092, 0000000027, 'คอมพิวเตอร์', 'การใช้ซอฟต์แวร์ Microsoft Office', '', 'ออนไซต์ และ ออนไลน์', '', 200, NULL, 1, 0, '2025-03-15 02:13:39'),
(0000000093, 0000000027, 'ทักษะชีวิต', 'การบริหารเวลา', '', 'ออนไซต์ และ ออนไลน์', '', 250, 4, 2, 1, '2025-03-15 02:14:04'),
(0000000095, 0000000027, 'ทักษะชีวิต', 'การพัฒนาความเชื่อมั่นในตัวเอง', '', 'ออนไซต์', '', 200, NULL, 0, 0, '2025-03-15 02:15:41'),
(0000000097, 0000000028, 'ดนตรี', 'ทฤษฎีดนตรี', '', 'ออนไซต์', 'ประถมต้น', 150, 3, 1, 1, '2025-03-15 02:23:02'),
(0000000098, 0000000028, 'ดนตรี', 'การเล่นเปียโน', '', 'ออนไซต์', '', 250, NULL, 1, 1, '2025-03-15 02:23:29'),
(0000000099, 0000000028, 'กีฬา', 'ฟุตบอล', '', 'ออนไซต์', '', 100, 5, 1, 1, '2025-03-15 02:24:26'),
(0000000100, 0000000028, 'กีฬา', 'บาสเกตบอล', '', 'ออนไซต์', '', 150, NULL, 0, 0, '2025-03-15 02:24:39'),
(0000000103, 0000000024, 'ภาษา', 'ภาษาอังกฤษเพื่อสอบ ภาษาอังกฤษ TOEIC/ IELTS', '', 'ออนไซต์ และ ออนไลน์', '', 400, NULL, 2, 0, '2025-03-15 02:28:24'),
(0000000104, 0000000029, 'ภาษา', 'ภาษาอังกฤษ (ระดับพื้นฐาน-ขั้นสูง)', '', 'ออนไซต์ และ ออนไลน์', '', 200, 3, 1, 1, '2025-03-15 02:33:50'),
(0000000105, 0000000029, 'วิชาการ', 'ฟิสิกส์', '', 'ออนไซต์ และ ออนไลน์', 'มัธยมปลาย', 200, NULL, 0, 0, '2025-03-15 02:34:27'),
(0000000106, 0000000029, 'คอมพิวเตอร์', 'การเขียนโปรแกรมภาษา C', '', 'ออนไซต์ และ ออนไลน์', '', 300, 4, 1, 1, '2025-03-15 02:35:10'),
(0000000107, 0000000029, 'ทักษะชีวิต', 'การตั้งเป้าหมาย', '', 'ออนไซต์ และ ออนไลน์', '', 150, NULL, 0, 0, '2025-03-15 02:35:46'),
(0000000108, 0000000031, 'ภาษา', 'ภาษาจีน', '', 'ออนไซต์ และ ออนไลน์', 'ประถมปลาย', 250, NULL, 0, 0, '2025-03-17 21:22:17');

-- --------------------------------------------------------

--
-- Table structure for table `tutors`
--

CREATE TABLE `tutors` (
  `tutor_id` int(10) UNSIGNED ZEROFILL NOT NULL COMMENT 'รหัสผู้สอน',
  `account_id` int(10) UNSIGNED ZEROFILL NOT NULL COMMENT 'รหัสผู้ใช้งาน',
  `displayname` varchar(30) DEFAULT NULL COMMENT 'ชื่อติวเตอร์',
  `facebook_link` varchar(255) DEFAULT NULL COMMENT 'facebook link',
  `line_id` varchar(30) DEFAULT NULL COMMENT 'ไอดี Line',
  `introduce_message` text DEFAULT NULL COMMENT 'ข้อความแนะนำตัว',
  `description` text DEFAULT NULL COMMENT 'คำอธิบายการสอน',
  `rating_score` float NOT NULL DEFAULT 0 COMMENT 'คะแนนรีวิว',
  `teaching_count` int(11) NOT NULL DEFAULT 0 COMMENT 'จำนวนครั้งที่สอน',
  `revisit_score` float NOT NULL DEFAULT 0 COMMENT 'อัตรากลับมาเรียน',
  `profile_status` enum('สมัครติวเตอร์','รอตรวจสอบ','พร้อมสอน','ระงับชั่วคราว') DEFAULT 'สมัครติวเตอร์' COMMENT 'สถานะโปรไฟล์',
  `date_modified` timestamp NOT NULL DEFAULT current_timestamp() ON UPDATE current_timestamp() COMMENT 'วันที่แก้ไขโปรไฟล์'
) ENGINE=InnoDB DEFAULT CHARSET=utf8mb4 COLLATE=utf8mb4_general_ci;

--
-- Dumping data for table `tutors`
--

INSERT INTO `tutors` (`tutor_id`, `account_id`, `displayname`, `facebook_link`, `line_id`, `introduce_message`, `description`, `rating_score`, `teaching_count`, `revisit_score`, `profile_status`, `date_modified`) VALUES
(0000000023, 0000000035, 'พี่ต้น', 'kittipong', 'kittipong', 'สอนคณิตศาสตร์แบบเข้าใจง่าย เน้นเทคนิคทำโจทย์ไว พร้อมติวสอบ PAT1 และวิชาสามัญ!', 'ผมมีประสบการณ์สอนคณิตศาสตร์ระดับมัธยมปลายมากว่า 6 ปี เคยเป็นติวเตอร์ประจำสถาบันกวดวิชาและสอนตัวต่อตัวให้นักเรียนที่ต้องการสอบเข้าแพทย์ วิศวะ และคณะชั้นนำ เทคนิคของผมคือการอธิบายให้เข้าใจง่าย เน้นวิธีทำที่เร็วและแม่นยำเพื่อให้ผู้เรียนทำข้อสอบได้ทันเวลา นักเรียนที่ผ่านการสอนของผมสามารถเพิ่มคะแนน PAT1 ได้เฉลี่ย 50-80 คะแนนภายใน 3 เดือน', 4, 5, 100, 'พร้อมสอน', '2025-04-09 09:43:21'),
(0000000024, 0000000036, 'ครูมายด์', 'phitchayapa.t@email.com', 'phitchayapa.t', 'สวัสดีค่ะ ครูมายด์ สอนภาษาอังกฤษเพื่อการสื่อสารและสอบวัดระดับ TOEIC, IELTS รับรองว่าสอนสนุก เข้าใจง่าย และใช้ได้จริงค่ะ!', 'ดิฉันมีประสบการณ์สอนภาษาอังกฤษมากกว่า 5 ปี ทั้งการสอนแบบตัวต่อตัวและสอนออนไลน์ เคยเป็นอาจารย์พิเศษที่สถาบันสอนภาษาแห่งหนึ่ง และช่วยติวนักเรียนให้สอบผ่าน TOEIC มากกว่า 300 คน โดยมีคะแนนเฉลี่ยเพิ่มขึ้นมากกว่า 200 คะแนน นอกจากนี้ยังสอนภาษาอังกฤษเพื่อการสื่อสารในชีวิตประจำวันและการทำงาน มุ่งเน้นให้ผู้เรียนเข้าใจหลักการใช้ภาษาและสามารถนำไปใช้จริงได้', 0, 0, 0, 'พร้อมสอน', '2025-03-17 15:55:45'),
(0000000025, 0000000037, 'ครูวิน', 'narawit.p@email.com', 'narawit.p', 'อยากเล่นกีตาร์หรือเปียโนให้เก่ง เรียนกับครูวิน รับรองว่าเล่นเป็นแน่นอน!', 'ผมเป็นนักดนตรีมืออาชีพที่มีประสบการณ์สอนดนตรีมากกว่า 8 ปี สอนตั้งแต่เด็กจนถึงผู้ใหญ่ที่อยากเริ่มต้นเล่นดนตรี ไม่ว่าจะเป็นกีตาร์คลาสสิก ไฟฟ้า หรือเปียโน ทั้งแนวป๊อป แจ๊ส และบลูส์ นอกจากนี้ยังเคยเป็นนักดนตรีแบ็กอัพให้ศิลปินชื่อดังหลายคน และมีผลงานแต่งเพลงที่เผยแพร่ทางแพลตฟอร์มดนตรีออนไลน์', 3, 1, 100, 'พร้อมสอน', '2025-03-17 15:59:21'),
(0000000026, 0000000038, 'พี่อาร์ม', 'pithan.j@email.com', 'pithan', 'สวัสดีครับ ฉันเป็นติวเตอร์ที่มีความเชี่ยวชาญในการสอนวิชาการและการพัฒนาวิชาชีพ โดยเฉพาะในด้านการเขียนประวัติย่อและการเตรียมตัวสัมภาษณ์งาน ผมมีประสบการณ์ช่วยให้นักเรียนได้เข้าทำงานในบริษัทชั้นนำ', 'ในระหว่างการสอนพัฒนาวิชาชีพ, ผมได้ช่วยนักเรียนเตรียมตัวสำหรับการสมัครงาน ตั้งแต่การเขียนประวัติย่อจนถึงการฝึกสัมภาษณ์ เพื่อให้พวกเขามีความมั่นใจในการหางาน นอกจากนี้ยังสอนวิชาการเพื่อเตรียมตัวสอบเข้ามหาวิทยาลัย โดยเฉพาะในด้านคณิตศาสตร์และภาษาอังกฤษ', 5, 12, 63.6364, 'พร้อมสอน', '2025-04-09 09:36:43'),
(0000000027, 0000000039, 'มิ้น', 'napassorn.p@email.com', 'napassorn.p@email.com', 'สวัสดีค่ะ! ฉันเป็นติวเตอร์ที่เชี่ยวชาญในการสอนคอมพิวเตอร์และทักษะชีวิต ที่จะช่วยเสริมสร้างทักษะที่จำเป็นสำหรับชีวิตประจำวันและการทำงาน รวมถึงการใช้เทคโนโลยีต่างๆ ที่จะทำให้คุณพร้อมสำหรับอนาคต', 'การสอนคอมพิวเตอร์เป็นสิ่งที่ฉันทำมานานหลายปี โดยเริ่มตั้งแต่การสอนการใช้โปรแกรมพื้นฐานไปจนถึงการพัฒนาเว็บไซต์และการเขียนโปรแกรม นอกจากนี้ ฉันยังสอนทักษะชีวิตที่สำคัญ เช่น การตั้งเป้าหมาย, การบริหารเวลา, และการพัฒนาความเชื่อมั่นในตัวเอง เพื่อให้ผู้เรียนสามารถนำไปใช้ในชีวิตจริงได้', 4.5, 2, 100, 'พร้อมสอน', '2025-03-17 17:38:01'),
(0000000028, 0000000040, 'บอย', 'ratchapol.s@email.com', 'ratchapol.s', 'สวัสดีครับ ผมเป็นติวเตอร์ที่สอนทั้งดนตรีและกีฬา ด้วยประสบการณ์ในทั้งสองด้าน ผมมุ่งเน้นการพัฒนาความสามารถของผู้เรียนอย่างเต็มที่ โดยเริ่มจากพื้นฐานและไปสู่ระดับที่ท้าทายมากขึ้น เพื่อช่วยให้คุณก้าวไปข้างหน้าในทั้งสองสาขานี้', 'การสอนดนตรีเป็นสิ่งที่ผมหลงใหลมากที่สุด ไม่ว่าจะเป็นการสอนการเล่นเครื่องดนตรีหรือทฤษฎีดนตรี ผมได้ทำงานกับนักเรียนทุกระดับและเห็นพัฒนาการที่ดีเยี่ยมจากการฝึกฝนอย่างต่อเนื่อง นอกจากนี้ ผมยังสอนกีฬา โดยเฉพาะฟุตบอลและบาสเกตบอล ซึ่งมักจะเน้นการพัฒนาเทคนิคการเล่นและทักษะทางกายภาพ', 4, 3, 100, 'พร้อมสอน', '2025-03-17 17:38:12'),
(0000000029, 0000000041, 'พี่กาย', 'weeraphat.n@email.com', 'weeraphat', 'สวัสดีครับ ผมเป็นติวเตอร์ที่มีความหลากหลายในการสอน ตั้งแต่ภาษา วิชาการ ดนตรี กีฬา คอมพิวเตอร์ ทักษะชีวิต จนถึงการพัฒนาวิชาชีพ  ผมมีประสบการณ์ในการช่วยเหลือนักเรียนให้ประสบความสำเร็จในหลายด้านและมุ่งเน้นการสร้างความเข้าใจที่แท้จริงในแต่ละหัวข้อที่สอน', 'ผมมีประสบการณ์การสอนมากกว่า 5 ปีในหลากหลายสาขา ตั้งแต่การสอนภาษาอังกฤษระดับเบื้องต้นไปจนถึงการพัฒนาทักษะชีวิตที่สำคัญในโลกปัจจุบัน ทั้งในรูปแบบออนไลน์และออฟไลน์ ผมเชื่อว่าการสอนที่ดีไม่ใช่แค่การถ่ายทอดความรู้ แต่ต้องกระตุ้นให้ผู้เรียนคิด และเข้าใจในกระบวนการเรียนรู้ด้วยตัวเอง\n\nในด้านการสอนดนตรี, ผมสอนทั้งทฤษฎีดนตรีและการเล่นเครื่องดนตรีที่หลายชนิด ส่วนการสอนคอมพิวเตอร์, ผมมีความชำนาญในการสอนการเขียนโปรแกรม การพัฒนาเว็บ และการใช้เครื่องมือเทคโนโลยีต่างๆ ที่สามารถนำไปประยุกต์ใช้ในชีวิตประจำวันได้\n\nการสอนกีฬาและทักษะชีวิตเป็นส่วนสำคัญที่ผมเน้นเพื่อพัฒนาความสมดุลของนักเรียนทั้งร่างกายและจิตใจ โดยใช้เทคนิคที่เหมาะสมกับทุกวัยและทุกความสามารถ', 3.5, 2, 100, 'พร้อมสอน', '2025-03-17 17:38:32'),
(0000000031, 0000000056, 'พี่สอง', 'https://www.facebook.com/wachirapol2545', 'kaka24502', 'สวัสดีครับผมผู้สอนมือใหม่', 'อยากหารายได้เสริมครับ', 0, 0, 0, 'พร้อมสอน', '2025-03-17 21:23:25');

-- --------------------------------------------------------

--
-- Table structure for table `verifications`
--

CREATE TABLE `verifications` (
  `verification_id` int(10) UNSIGNED ZEROFILL NOT NULL COMMENT 'รหัสการยืนยันตัวตน',
  `tutor_id` int(10) UNSIGNED ZEROFILL NOT NULL COMMENT 'รหัสผู้สอน',
  `document_path` varchar(255) DEFAULT NULL COMMENT 'ที่อยู่เอกสารยืนยันตัวตน',
  `selfie_path` varchar(255) DEFAULT NULL COMMENT 'ที่อยู่ภาพยืนยันตัวตน',
  `status` enum('สมัครติวเตอร์','รอตรวจสอบ','พร้อมสอน','ระงับชั่วคราว') NOT NULL DEFAULT 'สมัครติวเตอร์' COMMENT 'สถานะยืนยันตัวตน',
  `status_timestamp` timestamp NOT NULL DEFAULT current_timestamp() ON UPDATE current_timestamp() COMMENT 'เวลาที่แก้ไขสถานะ'
) ENGINE=InnoDB DEFAULT CHARSET=utf8mb4 COLLATE=utf8mb4_general_ci;

--
-- Dumping data for table `verifications`
--

INSERT INTO `verifications` (`verification_id`, `tutor_id`, `document_path`, `selfie_path`, `status`, `status_timestamp`) VALUES
(0000000023, 0000000023, '/static/document/document-1742002584653.png', '/static/selfie/selfie-1742002584654.png', 'พร้อมสอน', '2025-04-09 09:43:21'),
(0000000024, 0000000024, '/static/document/document-1742003484254.png', '/static/selfie/selfie-1742003484255.png', 'พร้อมสอน', '2025-03-17 15:55:45'),
(0000000025, 0000000025, '/static/document/document-1742003741162.png', '/static/selfie/selfie-1742003741162.png', 'พร้อมสอน', '2025-03-17 15:55:47'),
(0000000026, 0000000026, '/static/document/document-1742004316650.png', '/static/selfie/selfie-1742004316651.png', 'พร้อมสอน', '2025-04-09 07:35:03'),
(0000000027, 0000000027, '/static/document/document-1742004673821.png', '/static/selfie/selfie-1742004673822.png', 'พร้อมสอน', '2025-03-17 16:04:21'),
(0000000028, 0000000028, '/static/document/document-1742005205178.png', '/static/selfie/selfie-1742005205179.png', 'พร้อมสอน', '2025-03-17 15:56:25'),
(0000000029, 0000000029, '/static/document/document-1742005837517.png', '/static/selfie/selfie-1742005837517.png', 'พร้อมสอน', '2025-03-17 16:04:27'),
(0000000031, 0000000031, '/static/document/document-1742246359461.png', '/static/selfie/selfie-1742246359462.png', 'พร้อมสอน', '2025-03-17 21:23:25');

--
-- Indexes for dumped tables
--

--
-- Indexes for table `accounts`
--
ALTER TABLE `accounts`
  ADD PRIMARY KEY (`account_id`),
  ADD UNIQUE KEY `username` (`username`);

--
-- Indexes for table `announces`
--
ALTER TABLE `announces`
  ADD PRIMARY KEY (`announce_id`),
  ADD KEY `student_announce` (`account_id`);

--
-- Indexes for table `comments`
--
ALTER TABLE `comments`
  ADD PRIMARY KEY (`comment_id`),
  ADD KEY `commentStudent` (`account_id`),
  ADD KEY `commentTutor` (`tutor_id`);

--
-- Indexes for table `graduates`
--
ALTER TABLE `graduates`
  ADD PRIMARY KEY (`graduate_id`),
  ADD KEY `tutorgraduate` (`tutor_id`);

--
-- Indexes for table `locations`
--
ALTER TABLE `locations`
  ADD PRIMARY KEY (`location_id`),
  ADD KEY `tutorlocation` (`tutor_id`);

--
-- Indexes for table `messages`
--
ALTER TABLE `messages`
  ADD PRIMARY KEY (`message_id`),
  ADD KEY `sender` (`sender_id`),
  ADD KEY `receiver` (`receiver_id`);

--
-- Indexes for table `notifications`
--
ALTER TABLE `notifications`
  ADD PRIMARY KEY (`notification_id`),
  ADD KEY `account_notification` (`account_id`),
  ADD KEY `sender_notification` (`sender_id`);

--
-- Indexes for table `reports`
--
ALTER TABLE `reports`
  ADD PRIMARY KEY (`report_id`),
  ADD KEY `accountReported` (`account_id`),
  ADD KEY `accountReporter` (`reporter_id`);

--
-- Indexes for table `revisits`
--
ALTER TABLE `revisits`
  ADD PRIMARY KEY (`revisit_id`),
  ADD KEY `revisitTutor` (`tutor_id`),
  ADD KEY `revisitStudent` (`account_id`);

--
-- Indexes for table `studies`
--
ALTER TABLE `studies`
  ADD PRIMARY KEY (`study_id`),
  ADD KEY `studyStudent` (`account_id`),
  ADD KEY `studyTutor` (`tutor_id`),
  ADD KEY `studySubject` (`subject_id`);

--
-- Indexes for table `subjects`
--
ALTER TABLE `subjects`
  ADD PRIMARY KEY (`subject_id`),
  ADD KEY `tutorID` (`tutor_id`);

--
-- Indexes for table `tutors`
--
ALTER TABLE `tutors`
  ADD PRIMARY KEY (`tutor_id`),
  ADD KEY `accountID` (`account_id`);

--
-- Indexes for table `verifications`
--
ALTER TABLE `verifications`
  ADD PRIMARY KEY (`verification_id`),
  ADD KEY `VerifytutorID` (`tutor_id`);

--
-- AUTO_INCREMENT for dumped tables
--

--
-- AUTO_INCREMENT for table `accounts`
--
ALTER TABLE `accounts`
  MODIFY `account_id` int(10) UNSIGNED ZEROFILL NOT NULL AUTO_INCREMENT COMMENT 'รหัสผู้ใช้งาน', AUTO_INCREMENT=69;

--
-- AUTO_INCREMENT for table `announces`
--
ALTER TABLE `announces`
  MODIFY `announce_id` int(10) UNSIGNED ZEROFILL NOT NULL AUTO_INCREMENT COMMENT 'รหัสประกาศ', AUTO_INCREMENT=37;

--
-- AUTO_INCREMENT for table `comments`
--
ALTER TABLE `comments`
  MODIFY `comment_id` int(10) UNSIGNED ZEROFILL NOT NULL AUTO_INCREMENT COMMENT 'รหัสความคิดเห็น', AUTO_INCREMENT=57;

--
-- AUTO_INCREMENT for table `graduates`
--
ALTER TABLE `graduates`
  MODIFY `graduate_id` int(10) UNSIGNED ZEROFILL NOT NULL AUTO_INCREMENT COMMENT 'รหัสข้อมูลการศึกษา', AUTO_INCREMENT=59;

--
-- AUTO_INCREMENT for table `locations`
--
ALTER TABLE `locations`
  MODIFY `location_id` int(10) UNSIGNED ZEROFILL NOT NULL AUTO_INCREMENT COMMENT 'รหัสสถานที่', AUTO_INCREMENT=55;

--
-- AUTO_INCREMENT for table `messages`
--
ALTER TABLE `messages`
  MODIFY `message_id` int(100) UNSIGNED ZEROFILL NOT NULL AUTO_INCREMENT COMMENT 'รหัสข้อความ', AUTO_INCREMENT=498;

--
-- AUTO_INCREMENT for table `notifications`
--
ALTER TABLE `notifications`
  MODIFY `notification_id` int(10) UNSIGNED ZEROFILL NOT NULL AUTO_INCREMENT COMMENT 'รหัสการแจ้งเตือน', AUTO_INCREMENT=227;

--
-- AUTO_INCREMENT for table `reports`
--
ALTER TABLE `reports`
  MODIFY `report_id` int(100) UNSIGNED ZEROFILL NOT NULL AUTO_INCREMENT COMMENT 'รหัสรายงาน', AUTO_INCREMENT=22;

--
-- AUTO_INCREMENT for table `revisits`
--
ALTER TABLE `revisits`
  MODIFY `revisit_id` int(10) UNSIGNED ZEROFILL NOT NULL AUTO_INCREMENT COMMENT 'รหัสการกลับมาเรียน', AUTO_INCREMENT=86;

--
-- AUTO_INCREMENT for table `studies`
--
ALTER TABLE `studies`
  MODIFY `study_id` int(10) UNSIGNED ZEROFILL NOT NULL AUTO_INCREMENT COMMENT 'รหัสการเรียน', AUTO_INCREMENT=132;

--
-- AUTO_INCREMENT for table `subjects`
--
ALTER TABLE `subjects`
  MODIFY `subject_id` int(10) UNSIGNED ZEROFILL NOT NULL AUTO_INCREMENT COMMENT 'รหัสข้อมูลวิชาที่สอน', AUTO_INCREMENT=114;

--
-- AUTO_INCREMENT for table `tutors`
--
ALTER TABLE `tutors`
  MODIFY `tutor_id` int(10) UNSIGNED ZEROFILL NOT NULL AUTO_INCREMENT COMMENT 'รหัสผู้สอน', AUTO_INCREMENT=40;

--
-- AUTO_INCREMENT for table `verifications`
--
ALTER TABLE `verifications`
  MODIFY `verification_id` int(10) UNSIGNED ZEROFILL NOT NULL AUTO_INCREMENT COMMENT 'รหัสการยืนยันตัวตน', AUTO_INCREMENT=40;

--
-- Constraints for dumped tables
--

--
-- Constraints for table `announces`
--
ALTER TABLE `announces`
  ADD CONSTRAINT `student_announce` FOREIGN KEY (`account_id`) REFERENCES `accounts` (`account_id`) ON DELETE CASCADE ON UPDATE CASCADE;

--
-- Constraints for table `comments`
--
ALTER TABLE `comments`
  ADD CONSTRAINT `commentStudent` FOREIGN KEY (`account_id`) REFERENCES `accounts` (`account_id`) ON DELETE CASCADE ON UPDATE CASCADE,
  ADD CONSTRAINT `commentTutor` FOREIGN KEY (`tutor_id`) REFERENCES `tutors` (`tutor_id`) ON DELETE CASCADE ON UPDATE CASCADE;

--
-- Constraints for table `graduates`
--
ALTER TABLE `graduates`
  ADD CONSTRAINT `tutorgraduate` FOREIGN KEY (`tutor_id`) REFERENCES `tutors` (`tutor_id`) ON DELETE CASCADE ON UPDATE CASCADE;

--
-- Constraints for table `locations`
--
ALTER TABLE `locations`
  ADD CONSTRAINT `tutorlocation` FOREIGN KEY (`tutor_id`) REFERENCES `tutors` (`tutor_id`) ON DELETE CASCADE ON UPDATE CASCADE;

--
-- Constraints for table `messages`
--
ALTER TABLE `messages`
  ADD CONSTRAINT `receiver` FOREIGN KEY (`receiver_id`) REFERENCES `accounts` (`account_id`) ON DELETE CASCADE ON UPDATE CASCADE,
  ADD CONSTRAINT `sender` FOREIGN KEY (`sender_id`) REFERENCES `accounts` (`account_id`) ON DELETE CASCADE ON UPDATE CASCADE;

--
-- Constraints for table `notifications`
--
ALTER TABLE `notifications`
  ADD CONSTRAINT `account_notification` FOREIGN KEY (`account_id`) REFERENCES `accounts` (`account_id`) ON DELETE CASCADE ON UPDATE CASCADE,
  ADD CONSTRAINT `sender_notification` FOREIGN KEY (`sender_id`) REFERENCES `accounts` (`account_id`) ON DELETE CASCADE ON UPDATE CASCADE;

--
-- Constraints for table `reports`
--
ALTER TABLE `reports`
  ADD CONSTRAINT `accountReported` FOREIGN KEY (`account_id`) REFERENCES `accounts` (`account_id`) ON DELETE CASCADE ON UPDATE CASCADE,
  ADD CONSTRAINT `accountReporter` FOREIGN KEY (`reporter_id`) REFERENCES `accounts` (`account_id`) ON DELETE CASCADE ON UPDATE CASCADE;

--
-- Constraints for table `revisits`
--
ALTER TABLE `revisits`
  ADD CONSTRAINT `revisitStudent` FOREIGN KEY (`account_id`) REFERENCES `accounts` (`account_id`) ON DELETE CASCADE ON UPDATE CASCADE,
  ADD CONSTRAINT `revisitTutor` FOREIGN KEY (`tutor_id`) REFERENCES `tutors` (`tutor_id`) ON DELETE CASCADE ON UPDATE CASCADE;

--
-- Constraints for table `studies`
--
ALTER TABLE `studies`
  ADD CONSTRAINT `studyStudent` FOREIGN KEY (`account_id`) REFERENCES `accounts` (`account_id`) ON DELETE CASCADE ON UPDATE CASCADE,
  ADD CONSTRAINT `studySubject` FOREIGN KEY (`subject_id`) REFERENCES `subjects` (`subject_id`) ON DELETE CASCADE ON UPDATE CASCADE,
  ADD CONSTRAINT `studyTutor` FOREIGN KEY (`tutor_id`) REFERENCES `tutors` (`tutor_id`) ON DELETE CASCADE ON UPDATE CASCADE;

--
-- Constraints for table `subjects`
--
ALTER TABLE `subjects`
  ADD CONSTRAINT `tutorID` FOREIGN KEY (`tutor_id`) REFERENCES `tutors` (`tutor_id`) ON DELETE CASCADE ON UPDATE CASCADE;

--
-- Constraints for table `tutors`
--
ALTER TABLE `tutors`
  ADD CONSTRAINT `accountID` FOREIGN KEY (`account_id`) REFERENCES `accounts` (`account_id`) ON DELETE CASCADE ON UPDATE CASCADE;

--
-- Constraints for table `verifications`
--
ALTER TABLE `verifications`
  ADD CONSTRAINT `VerifytutorID` FOREIGN KEY (`tutor_id`) REFERENCES `tutors` (`tutor_id`) ON DELETE CASCADE ON UPDATE CASCADE;
COMMIT;

/*!40101 SET CHARACTER_SET_CLIENT=@OLD_CHARACTER_SET_CLIENT */;
/*!40101 SET CHARACTER_SET_RESULTS=@OLD_CHARACTER_SET_RESULTS */;
/*!40101 SET COLLATION_CONNECTION=@OLD_COLLATION_CONNECTION */;
